-- phpMyAdmin SQL Dump
-- version 4.6.5.2
-- https://www.phpmyadmin.net/
--
-- Host: localhost
-- Generation Time: Jun 16, 2017 at 05:53 PM
-- Server version: 10.1.21-MariaDB
-- PHP Version: 7.1.1

SET SQL_MODE = "NO_AUTO_VALUE_ON_ZERO";
SET time_zone = "+00:00";


/*!40101 SET @OLD_CHARACTER_SET_CLIENT=@@CHARACTER_SET_CLIENT */;
/*!40101 SET @OLD_CHARACTER_SET_RESULTS=@@CHARACTER_SET_RESULTS */;
/*!40101 SET @OLD_COLLATION_CONNECTION=@@COLLATION_CONNECTION */;
/*!40101 SET NAMES utf8mb4 */;

--
-- Database: `ABCine`
--

-- --------------------------------------------------------

--
-- Table structure for table `butaca`
--

CREATE TABLE `butaca` (
  `id` int(11) NOT NULL,
  `idSala` int(11) NOT NULL,
  `numbutaca` int(11) NOT NULL
) ENGINE=InnoDB DEFAULT CHARSET=utf8 COLLATE=utf8_spanish_ci;

--
-- Dumping data for table `butaca`
--

INSERT INTO `butaca` (`id`, `idSala`, `numbutaca`) VALUES
(1, 1, 1),
(2, 1, 2),
(3, 1, 3),
(4, 1, 4),
(5, 1, 5),
(6, 1, 6),
(7, 1, 7),
(8, 1, 8),
(9, 1, 9),
(10, 1, 10),
(11, 1, 11),
(12, 1, 12),
(13, 1, 13),
(14, 1, 14),
(15, 1, 15),
(16, 1, 16),
(17, 1, 17),
(18, 1, 18),
(19, 1, 19),
(20, 1, 20),
(21, 1, 21),
(22, 1, 22),
(23, 1, 23),
(24, 1, 24),
(25, 1, 25),
(26, 1, 26),
(27, 1, 27),
(28, 1, 28),
(29, 1, 29),
(30, 1, 30),
(31, 1, 31),
(32, 1, 32),
(33, 1, 33),
(34, 1, 34),
(35, 1, 35),
(36, 1, 36),
(37, 1, 37),
(38, 1, 38),
(39, 1, 39),
(40, 1, 40),
(41, 1, 41),
(42, 1, 42),
(43, 1, 43),
(44, 1, 44),
(45, 1, 45),
(46, 1, 46),
(47, 1, 47),
(48, 1, 48),
(49, 2, 1),
(50, 2, 2),
(51, 2, 3),
(52, 2, 4),
(53, 2, 5),
(54, 2, 6),
(55, 2, 7),
(56, 2, 8),
(57, 2, 9),
(58, 2, 10),
(59, 2, 11),
(60, 2, 12),
(61, 2, 13),
(62, 2, 14),
(63, 2, 15),
(64, 2, 16),
(65, 2, 17),
(66, 2, 18),
(67, 2, 19),
(68, 2, 20),
(69, 2, 21),
(70, 2, 22),
(71, 2, 23),
(72, 2, 24),
(73, 2, 25),
(74, 2, 26),
(75, 2, 27),
(76, 2, 28),
(77, 2, 29),
(78, 2, 30),
(79, 2, 31),
(80, 2, 32),
(81, 2, 33),
(82, 2, 34),
(83, 2, 35),
(84, 2, 36),
(85, 2, 37),
(86, 2, 38),
(87, 2, 39),
(88, 2, 40),
(89, 2, 41),
(90, 2, 42),
(91, 2, 43),
(92, 2, 44),
(93, 2, 45),
(94, 2, 46),
(95, 2, 47),
(96, 2, 48),
(97, 3, 1),
(98, 3, 2),
(99, 3, 3),
(100, 3, 4),
(101, 3, 5),
(102, 3, 6),
(103, 3, 7),
(104, 3, 8),
(105, 3, 9),
(106, 3, 10),
(107, 3, 11),
(108, 3, 12),
(109, 3, 13),
(110, 3, 14),
(111, 3, 15),
(112, 3, 16),
(113, 3, 17),
(114, 3, 18),
(115, 3, 19),
(116, 3, 20),
(117, 3, 21),
(118, 3, 22),
(119, 3, 23),
(120, 3, 24),
(121, 3, 25),
(122, 3, 26),
(123, 3, 27),
(124, 3, 28),
(125, 3, 29),
(126, 3, 30),
(127, 3, 31),
(128, 3, 32),
(129, 3, 33),
(130, 3, 34),
(131, 3, 35),
(132, 3, 36),
(133, 3, 37),
(134, 3, 38),
(135, 3, 39),
(136, 3, 40),
(137, 3, 41),
(138, 3, 42),
(139, 3, 43),
(140, 3, 44),
(141, 3, 45),
(142, 3, 46),
(143, 3, 47),
(144, 3, 48),
(145, 4, 1),
(146, 4, 2),
(147, 4, 3),
(148, 4, 4),
(149, 4, 5),
(150, 4, 6),
(151, 4, 7),
(152, 4, 8),
(153, 4, 9),
(154, 4, 10),
(155, 4, 11),
(156, 4, 12),
(157, 4, 13),
(158, 4, 14),
(159, 4, 15),
(160, 4, 16),
(161, 4, 17),
(162, 4, 18),
(163, 4, 19),
(164, 4, 20),
(165, 4, 21),
(166, 4, 22),
(167, 4, 23),
(168, 4, 24),
(169, 4, 25),
(170, 4, 26),
(171, 4, 27),
(172, 4, 28),
(173, 4, 29),
(174, 4, 30),
(175, 4, 31),
(176, 4, 32),
(177, 4, 33),
(178, 4, 34),
(179, 4, 35),
(180, 4, 36),
(181, 4, 37),
(182, 4, 38),
(183, 4, 39),
(184, 4, 40),
(185, 4, 41),
(186, 4, 42),
(187, 4, 43),
(188, 4, 44),
(189, 4, 45),
(190, 4, 46),
(191, 4, 47),
(192, 4, 48),
(193, 5, 1),
(194, 5, 2),
(195, 5, 3),
(196, 5, 4),
(197, 5, 5),
(198, 5, 6),
(199, 5, 7),
(200, 5, 8),
(201, 5, 9),
(202, 5, 10),
(203, 5, 11),
(204, 5, 12),
(205, 5, 13),
(206, 5, 14),
(207, 5, 15),
(208, 5, 16),
(209, 5, 17),
(210, 5, 18),
(211, 5, 19),
(212, 5, 20),
(213, 5, 21),
(214, 5, 22),
(215, 5, 23),
(216, 5, 24),
(217, 5, 25),
(218, 5, 26),
(219, 5, 27),
(220, 5, 28),
(221, 5, 29),
(222, 5, 30),
(223, 5, 31),
(224, 5, 32),
(225, 5, 33),
(226, 5, 34),
(227, 5, 35),
(228, 5, 36),
(229, 5, 37),
(230, 5, 38),
(231, 5, 39),
(232, 5, 40),
(233, 5, 41),
(234, 5, 42),
(235, 5, 43),
(236, 5, 44),
(237, 5, 45),
(238, 5, 46),
(239, 5, 47),
(240, 5, 48);

-- --------------------------------------------------------

--
-- Table structure for table `butacas_en_sesion`
--

CREATE TABLE `butacas_en_sesion` (
  `id` int(11) NOT NULL,
  `id_butaca` int(11) NOT NULL,
  `id_sesion` int(11) NOT NULL,
  `activo` tinyint(1) NOT NULL
) ENGINE=InnoDB DEFAULT CHARSET=latin1;

-- --------------------------------------------------------

--
-- Table structure for table `cine`
--

CREATE TABLE `cine` (
  `id` int(11) NOT NULL,
  `nombre` varchar(50) CHARACTER SET latin1 NOT NULL
) ENGINE=InnoDB DEFAULT CHARSET=utf8 COLLATE=utf8_spanish_ci;

--
-- Dumping data for table `cine`
--

INSERT INTO `cine` (`id`, `nombre`) VALUES
(1, 'Cine 1'),
(2, 'Cine 2'),
(3, 'Cine 3'),
(4, 'Cine 4'),
(5, 'Cine 5');

-- --------------------------------------------------------

--
-- Table structure for table `compra`
--

CREATE TABLE `compra` (
  `id` int(11) NOT NULL,
  `id_usuario` int(11) NOT NULL,
  `id_butaca` int(11) NOT NULL,
  `id_funcion` int(11) NOT NULL,
  `id_promocion` int(11) NOT NULL,
  `numEntradas` int(11) NOT NULL,
  `fecha` date NOT NULL,
  `subtotal` decimal(10,0) NOT NULL,
  `descuento` decimal(10,0) NOT NULL,
  `total` decimal(10,0) NOT NULL
) ENGINE=InnoDB DEFAULT CHARSET=utf8mb4 COLLATE=utf8mb4_spanish_ci;

-- --------------------------------------------------------

--
-- Table structure for table `funcion`
--

CREATE TABLE `funcion` (
  `id` int(11) NOT NULL,
  `id_sala` int(11) NOT NULL,
  `id_pelicula` int(11) NOT NULL,
  `fecha` datetime NOT NULL,
  `precio` decimal(10,0) NOT NULL,
  `activo` tinyint(1) NOT NULL
) ENGINE=InnoDB DEFAULT CHARSET=utf8mb4 COLLATE=utf8mb4_spanish_ci;

--
-- Dumping data for table `funcion`
--

INSERT INTO `funcion` (`id`, `id_sala`, `id_pelicula`, `fecha`, `precio`, `activo`) VALUES
(52, 1, 1, '2017-06-26 14:00:00', '8', 1),
(53, 1, 1, '2017-06-26 16:30:00', '8', 1),
(54, 1, 1, '2017-06-26 19:00:00', '8', 1),
(55, 1, 1, '2017-06-26 21:30:00', '8', 1),
(56, 2, 2, '2017-06-26 14:30:00', '8', 1),
(57, 2, 2, '2017-06-26 17:00:00', '8', 1),
(58, 2, 2, '2017-06-26 19:30:00', '8', 1),
(59, 2, 2, '2017-06-26 22:00:00', '8', 1),
(60, 3, 3, '2017-06-26 15:00:00', '8', 1),
(61, 3, 3, '2017-06-26 17:30:00', '8', 1),
(62, 3, 3, '2017-06-26 20:00:00', '8', 1),
(63, 3, 3, '2017-06-26 22:30:00', '8', 1),
(64, 4, 4, '2017-06-26 14:00:00', '8', 1),
(65, 4, 4, '2017-06-26 16:30:00', '8', 1),
(66, 4, 4, '2017-06-26 19:00:00', '8', 1),
(67, 4, 4, '2017-06-26 21:30:00', '8', 1),
(68, 5, 5, '2017-06-26 14:30:00', '8', 1),
(69, 5, 5, '2017-06-26 17:00:00', '8', 1),
(70, 5, 5, '2017-06-26 19:30:00', '8', 1),
(71, 5, 5, '2017-06-26 22:00:00', '8', 1),
(72, 6, 1, '2017-06-26 15:00:00', '8', 1),
(73, 6, 1, '2017-06-26 17:30:00', '8', 1),
(74, 6, 1, '2017-06-26 20:00:00', '8', 1),
(75, 6, 1, '2017-06-26 22:30:00', '8', 1),
(76, 7, 3, '2017-06-26 14:00:00', '8', 1),
(77, 7, 3, '2017-06-26 16:30:00', '8', 1),
(78, 7, 3, '2017-06-26 19:00:00', '8', 1),
(79, 7, 3, '2017-06-26 21:30:00', '8', 1),
(80, 8, 6, '2017-06-26 14:30:00', '8', 1),
(81, 8, 6, '2017-06-26 17:00:00', '8', 1),
(82, 8, 6, '2017-06-26 19:30:00', '8', 1),
(83, 8, 6, '2017-06-26 22:00:00', '8', 1),
(84, 9, 5, '2017-06-26 15:00:00', '8', 1),
(85, 9, 5, '2017-06-26 17:30:00', '8', 1),
(86, 9, 5, '2017-06-26 20:00:00', '8', 1),
(87, 9, 5, '2017-06-26 22:30:00', '8', 1),
(88, 10, 2, '2017-06-26 14:00:00', '8', 1),
(89, 10, 2, '2017-06-26 16:30:00', '8', 1),
(90, 10, 2, '2017-06-26 19:00:00', '8', 1),
(91, 10, 2, '2017-06-26 21:30:00', '8', 1),
(92, 11, 1, '2017-06-26 14:30:00', '8', 1),
(93, 11, 1, '2017-06-26 17:00:00', '8', 1),
(94, 11, 1, '2017-06-26 19:30:00', '8', 1),
(95, 11, 1, '2017-06-26 22:00:00', '8', 1),
(96, 12, 5, '2017-06-26 15:00:00', '8', 1),
(97, 12, 5, '2017-06-26 17:30:00', '8', 1),
(98, 12, 5, '2017-06-26 20:00:00', '8', 1),
(99, 12, 5, '2017-06-26 22:30:00', '8', 1),
(100, 13, 3, '2017-06-26 14:00:00', '8', 1),
(101, 13, 3, '2017-06-26 16:30:00', '8', 1),
(102, 13, 3, '2017-06-26 19:00:00', '8', 1),
(103, 13, 3, '2017-06-26 21:30:00', '8', 1),
(104, 14, 2, '2017-06-26 14:30:00', '8', 1),
(105, 14, 2, '2017-06-26 17:00:00', '8', 1),
(106, 14, 2, '2017-06-26 19:30:00', '8', 1),
(107, 14, 2, '2017-06-26 22:00:00', '8', 1),
(108, 15, 6, '2017-06-26 15:00:00', '8', 1),
(109, 15, 6, '2017-06-26 17:30:00', '8', 1),
(110, 15, 6, '2017-06-26 20:00:00', '8', 1),
(111, 15, 6, '2017-06-26 22:30:00', '8', 1),
(112, 16, 1, '2017-06-26 14:00:00', '8', 1),
(113, 16, 1, '2017-06-26 16:30:00', '8', 1),
(114, 16, 1, '2017-06-26 19:00:00', '8', 1),
(115, 16, 1, '2017-06-26 21:30:00', '8', 1),
(116, 17, 2, '2017-06-26 14:30:00', '8', 1),
(117, 17, 2, '2017-06-26 17:00:00', '8', 1),
(118, 17, 2, '2017-06-26 19:30:00', '8', 1),
(119, 17, 2, '2017-06-26 22:00:00', '8', 1),
(120, 18, 3, '2017-06-26 15:00:00', '8', 1),
(121, 18, 3, '2017-06-26 17:30:00', '8', 1),
(122, 18, 3, '2017-06-26 20:00:00', '8', 1),
(123, 18, 3, '2017-06-26 22:30:00', '8', 1),
(124, 19, 4, '2017-06-26 14:00:00', '8', 1),
(125, 19, 4, '2017-06-26 16:30:00', '8', 1),
(126, 19, 4, '2017-06-26 19:00:00', '8', 1),
(127, 19, 4, '2017-06-26 21:30:00', '8', 1),
(128, 20, 5, '2017-06-26 14:30:00', '8', 1),
(129, 20, 5, '2017-06-26 17:00:00', '8', 1),
(130, 20, 5, '2017-06-26 19:30:00', '8', 1),
(131, 20, 5, '2017-06-26 22:00:00', '8', 1),
(132, 21, 1, '2017-06-26 15:00:00', '8', 1),
(133, 21, 1, '2017-06-26 17:30:00', '8', 1),
(134, 21, 1, '2017-06-26 20:00:00', '8', 1),
(135, 21, 1, '2017-06-26 22:30:00', '8', 1),
(136, 22, 3, '2017-06-26 14:00:00', '8', 1),
(137, 22, 3, '2017-06-26 16:30:00', '8', 1),
(138, 22, 3, '2017-06-26 19:00:00', '8', 1),
(139, 22, 3, '2017-06-26 21:30:00', '8', 1),
(140, 23, 6, '2017-06-26 14:30:00', '8', 1),
(141, 23, 6, '2017-06-26 17:00:00', '8', 1),
(142, 23, 6, '2017-06-26 19:30:00', '8', 1),
(143, 23, 6, '2017-06-26 22:00:00', '8', 1),
(144, 24, 5, '2017-06-26 15:00:00', '8', 1),
(145, 24, 5, '2017-06-26 17:30:00', '8', 1),
(146, 24, 5, '2017-06-26 20:00:00', '8', 1),
(147, 24, 5, '2017-06-26 22:30:00', '8', 1),
(148, 25, 2, '2017-06-26 14:00:00', '8', 1),
(149, 25, 2, '2017-06-26 16:30:00', '8', 1),
(150, 25, 2, '2017-06-26 19:00:00', '8', 1),
(151, 25, 2, '2017-06-26 21:30:00', '8', 1),
(152, 1, 1, '2017-06-27 14:00:00', '8', 1),
(153, 1, 1, '2017-06-27 16:30:00', '8', 1),
(154, 1, 1, '2017-06-27 19:00:00', '8', 1),
(155, 1, 1, '2017-06-27 21:30:00', '8', 1),
(156, 2, 2, '2017-06-27 14:30:00', '8', 1),
(157, 2, 2, '2017-06-27 17:00:00', '8', 1),
(158, 2, 2, '2017-06-27 19:30:00', '8', 1),
(159, 2, 2, '2017-06-27 22:00:00', '8', 1),
(160, 3, 3, '2017-06-27 15:00:00', '8', 1),
(161, 3, 3, '2017-06-27 17:30:00', '8', 1),
(162, 3, 3, '2017-06-27 20:00:00', '8', 1),
(163, 3, 3, '2017-06-27 22:30:00', '8', 1),
(164, 4, 4, '2017-06-27 14:00:00', '8', 1),
(165, 4, 4, '2017-06-27 16:30:00', '8', 1),
(166, 4, 4, '2017-06-27 19:00:00', '8', 1),
(167, 4, 4, '2017-06-27 21:30:00', '8', 1),
(168, 5, 5, '2017-06-27 14:30:00', '8', 1),
(169, 5, 5, '2017-06-27 17:00:00', '8', 1),
(170, 5, 5, '2017-06-27 19:30:00', '8', 1),
(171, 5, 5, '2017-06-27 22:00:00', '8', 1),
(172, 6, 1, '2017-06-27 15:00:00', '8', 1),
(173, 6, 1, '2017-06-27 17:30:00', '8', 1),
(174, 6, 1, '2017-06-27 20:00:00', '8', 1),
(175, 6, 1, '2017-06-27 22:30:00', '8', 1),
(176, 7, 3, '2017-06-27 14:00:00', '8', 1),
(177, 7, 3, '2017-06-27 16:30:00', '8', 1),
(178, 7, 3, '2017-06-27 19:00:00', '8', 1),
(179, 7, 3, '2017-06-27 21:30:00', '8', 1),
(180, 8, 6, '2017-06-27 14:30:00', '8', 1),
(181, 8, 6, '2017-06-27 17:00:00', '8', 1),
(182, 8, 6, '2017-06-27 19:30:00', '8', 1),
(183, 8, 6, '2017-06-27 22:00:00', '8', 1),
(184, 9, 5, '2017-06-27 15:00:00', '8', 1),
(185, 9, 5, '2017-06-27 17:30:00', '8', 1),
(186, 9, 5, '2017-06-27 20:00:00', '8', 1),
(187, 9, 5, '2017-06-27 22:30:00', '8', 1),
(188, 10, 2, '2017-06-27 14:00:00', '8', 1),
(189, 10, 2, '2017-06-27 16:30:00', '8', 1),
(190, 10, 2, '2017-06-27 19:00:00', '8', 1),
(191, 10, 2, '2017-06-27 21:30:00', '8', 1),
(192, 11, 1, '2017-06-27 14:30:00', '8', 1),
(193, 11, 1, '2017-06-27 17:00:00', '8', 1),
(194, 11, 1, '2017-06-27 19:30:00', '8', 1),
(195, 11, 1, '2017-06-27 22:00:00', '8', 1),
(196, 12, 5, '2017-06-27 15:00:00', '8', 1),
(197, 12, 5, '2017-06-27 17:30:00', '8', 1),
(198, 12, 5, '2017-06-27 20:00:00', '8', 1),
(199, 12, 5, '2017-06-27 22:30:00', '8', 1),
(200, 13, 3, '2017-06-27 14:00:00', '8', 1),
(201, 13, 3, '2017-06-27 16:30:00', '8', 1),
(202, 13, 3, '2017-06-27 19:00:00', '8', 1),
(203, 13, 3, '2017-06-27 21:30:00', '8', 1),
(204, 14, 2, '2017-06-27 14:30:00', '8', 1),
(205, 14, 2, '2017-06-27 17:00:00', '8', 1),
(206, 14, 2, '2017-06-27 19:30:00', '8', 1),
(207, 14, 2, '2017-06-27 22:00:00', '8', 1),
(208, 15, 6, '2017-06-27 15:00:00', '8', 1),
(209, 15, 6, '2017-06-27 17:30:00', '8', 1),
(210, 15, 6, '2017-06-27 20:00:00', '8', 1),
(211, 15, 6, '2017-06-27 22:30:00', '8', 1),
(212, 16, 1, '2017-06-27 14:00:00', '8', 1),
(213, 16, 1, '2017-06-27 16:30:00', '8', 1),
(214, 16, 1, '2017-06-27 19:00:00', '8', 1),
(215, 16, 1, '2017-06-27 21:30:00', '8', 1),
(216, 17, 2, '2017-06-27 14:30:00', '8', 1),
(217, 17, 2, '2017-06-27 17:00:00', '8', 1),
(218, 17, 2, '2017-06-27 19:30:00', '8', 1),
(219, 17, 2, '2017-06-27 22:00:00', '8', 1),
(220, 18, 3, '2017-06-27 15:00:00', '8', 1),
(221, 18, 3, '2017-06-27 17:30:00', '8', 1),
(222, 18, 3, '2017-06-27 20:00:00', '8', 1),
(223, 18, 3, '2017-06-27 22:30:00', '8', 1),
(224, 19, 4, '2017-06-27 14:00:00', '8', 1),
(225, 19, 4, '2017-06-27 16:30:00', '8', 1),
(226, 19, 4, '2017-06-27 19:00:00', '8', 1),
(227, 19, 4, '2017-06-27 21:30:00', '8', 1),
(228, 20, 5, '2017-06-27 14:30:00', '8', 1),
(229, 20, 5, '2017-06-27 17:00:00', '8', 1),
(230, 20, 5, '2017-06-27 19:30:00', '8', 1),
(231, 20, 5, '2017-06-27 22:00:00', '8', 1),
(232, 21, 1, '2017-06-27 15:00:00', '8', 1),
(233, 21, 1, '2017-06-27 17:30:00', '8', 1),
(234, 21, 1, '2017-06-27 20:00:00', '8', 1),
(235, 21, 1, '2017-06-27 22:30:00', '8', 1),
(236, 22, 3, '2017-06-27 14:00:00', '8', 1),
(237, 22, 3, '2017-06-27 16:30:00', '8', 1),
(238, 22, 3, '2017-06-27 19:00:00', '8', 1),
(239, 22, 3, '2017-06-27 21:30:00', '8', 1),
(240, 23, 6, '2017-06-27 14:30:00', '8', 1),
(241, 23, 6, '2017-06-27 17:00:00', '8', 1),
(242, 23, 6, '2017-06-27 19:30:00', '8', 1),
(243, 23, 6, '2017-06-27 22:00:00', '8', 1),
(244, 24, 5, '2017-06-27 15:00:00', '8', 1),
(245, 24, 5, '2017-06-27 17:30:00', '8', 1),
(246, 24, 5, '2017-06-27 20:00:00', '8', 1),
(247, 24, 5, '2017-06-27 22:30:00', '8', 1),
(248, 25, 2, '2017-06-27 14:00:00', '8', 1),
(249, 25, 2, '2017-06-27 16:30:00', '8', 1),
(250, 25, 2, '2017-06-27 19:00:00', '8', 1),
(251, 25, 2, '2017-06-27 21:30:00', '8', 1),
(252, 1, 1, '2017-06-28 14:00:00', '8', 1),
(253, 1, 1, '2017-06-28 16:30:00', '8', 1),
(254, 1, 1, '2017-06-28 19:00:00', '8', 1),
(255, 1, 1, '2017-06-28 21:30:00', '8', 1),
(256, 2, 2, '2017-06-28 14:30:00', '8', 1),
(257, 2, 2, '2017-06-28 17:00:00', '8', 1),
(258, 2, 2, '2017-06-28 19:30:00', '8', 1),
(259, 2, 2, '2017-06-28 22:00:00', '8', 1),
(260, 3, 3, '2017-06-28 15:00:00', '8', 1),
(261, 3, 3, '2017-06-28 17:30:00', '8', 1),
(262, 3, 3, '2017-06-28 20:00:00', '8', 1),
(263, 3, 3, '2017-06-28 22:30:00', '8', 1),
(264, 4, 4, '2017-06-28 14:00:00', '8', 1),
(265, 4, 4, '2017-06-28 16:30:00', '8', 1),
(266, 4, 4, '2017-06-28 19:00:00', '8', 1),
(267, 4, 4, '2017-06-28 21:30:00', '8', 1),
(268, 5, 5, '2017-06-28 14:30:00', '8', 1),
(269, 5, 5, '2017-06-28 17:00:00', '8', 1),
(270, 5, 5, '2017-06-28 19:30:00', '8', 1),
(271, 5, 5, '2017-06-28 22:00:00', '8', 1),
(272, 6, 1, '2017-06-28 15:00:00', '8', 1),
(273, 6, 1, '2017-06-28 17:30:00', '8', 1),
(274, 6, 1, '2017-06-28 20:00:00', '8', 1),
(275, 6, 1, '2017-06-28 22:30:00', '8', 1),
(276, 7, 3, '2017-06-28 14:00:00', '8', 1),
(277, 7, 3, '2017-06-28 16:30:00', '8', 1),
(278, 7, 3, '2017-06-28 19:00:00', '8', 1),
(279, 7, 3, '2017-06-28 21:30:00', '8', 1),
(280, 8, 6, '2017-06-28 14:30:00', '8', 1),
(281, 8, 6, '2017-06-28 17:00:00', '8', 1),
(282, 8, 6, '2017-06-28 19:30:00', '8', 1),
(283, 8, 6, '2017-06-28 22:00:00', '8', 1),
(284, 9, 5, '2017-06-28 15:00:00', '8', 1),
(285, 9, 5, '2017-06-28 17:30:00', '8', 1),
(286, 9, 5, '2017-06-28 20:00:00', '8', 1),
(287, 9, 5, '2017-06-28 22:30:00', '8', 1),
(288, 10, 2, '2017-06-28 14:00:00', '8', 1),
(289, 10, 2, '2017-06-28 16:30:00', '8', 1),
(290, 10, 2, '2017-06-28 19:00:00', '8', 1),
(291, 10, 2, '2017-06-28 21:30:00', '8', 1),
(292, 11, 1, '2017-06-28 14:30:00', '8', 1),
(293, 11, 1, '2017-06-28 17:00:00', '8', 1),
(294, 11, 1, '2017-06-28 19:30:00', '8', 1),
(295, 11, 1, '2017-06-28 22:00:00', '8', 1),
(296, 12, 5, '2017-06-28 15:00:00', '8', 1),
(297, 12, 5, '2017-06-28 17:30:00', '8', 1),
(298, 12, 5, '2017-06-28 20:00:00', '8', 1),
(299, 12, 5, '2017-06-28 22:30:00', '8', 1),
(300, 13, 3, '2017-06-28 14:00:00', '8', 1),
(301, 13, 3, '2017-06-28 16:30:00', '8', 1),
(302, 13, 3, '2017-06-28 19:00:00', '8', 1),
(303, 13, 3, '2017-06-28 21:30:00', '8', 1),
(304, 14, 2, '2017-06-28 14:30:00', '8', 1),
(305, 14, 2, '2017-06-28 17:00:00', '8', 1),
(306, 14, 2, '2017-06-28 19:30:00', '8', 1),
(307, 14, 2, '2017-06-28 22:00:00', '8', 1),
(308, 15, 6, '2017-06-28 15:00:00', '8', 1),
(309, 15, 6, '2017-06-28 17:30:00', '8', 1),
(310, 15, 6, '2017-06-28 20:00:00', '8', 1),
(311, 15, 6, '2017-06-28 22:30:00', '8', 1),
(312, 16, 1, '2017-06-28 14:00:00', '8', 1),
(313, 16, 1, '2017-06-28 16:30:00', '8', 1),
(314, 16, 1, '2017-06-28 19:00:00', '8', 1),
(315, 16, 1, '2017-06-28 21:30:00', '8', 1),
(316, 17, 2, '2017-06-28 14:30:00', '8', 1),
(317, 17, 2, '2017-06-28 17:00:00', '8', 1),
(318, 17, 2, '2017-06-28 19:30:00', '8', 1),
(319, 17, 2, '2017-06-28 22:00:00', '8', 1),
(320, 18, 3, '2017-06-28 15:00:00', '8', 1),
(321, 18, 3, '2017-06-28 17:30:00', '8', 1),
(322, 18, 3, '2017-06-28 20:00:00', '8', 1),
(323, 18, 3, '2017-06-28 22:30:00', '8', 1),
(324, 19, 4, '2017-06-28 14:00:00', '8', 1),
(325, 19, 4, '2017-06-28 16:30:00', '8', 1),
(326, 19, 4, '2017-06-28 19:00:00', '8', 1),
(327, 19, 4, '2017-06-28 21:30:00', '8', 1),
(328, 20, 5, '2017-06-28 14:30:00', '8', 1),
(329, 20, 5, '2017-06-28 17:00:00', '8', 1),
(330, 20, 5, '2017-06-28 19:30:00', '8', 1),
(331, 20, 5, '2017-06-28 22:00:00', '8', 1),
(332, 21, 1, '2017-06-28 15:00:00', '8', 1),
(333, 21, 1, '2017-06-28 17:30:00', '8', 1),
(334, 21, 1, '2017-06-28 20:00:00', '8', 1),
(335, 21, 1, '2017-06-28 22:30:00', '8', 1),
(336, 22, 3, '2017-06-28 14:00:00', '8', 1),
(337, 22, 3, '2017-06-28 16:30:00', '8', 1),
(338, 22, 3, '2017-06-28 19:00:00', '8', 1),
(339, 22, 3, '2017-06-28 21:30:00', '8', 1),
(340, 23, 6, '2017-06-28 14:30:00', '8', 1),
(341, 23, 6, '2017-06-28 17:00:00', '8', 1),
(342, 23, 6, '2017-06-28 19:30:00', '8', 1),
(343, 23, 6, '2017-06-28 22:00:00', '8', 1),
(344, 24, 5, '2017-06-28 15:00:00', '8', 1),
(345, 24, 5, '2017-06-28 17:30:00', '8', 1),
(346, 24, 5, '2017-06-28 20:00:00', '8', 1),
(347, 24, 5, '2017-06-28 22:30:00', '8', 1),
(348, 25, 2, '2017-06-28 14:00:00', '8', 1),
(349, 25, 2, '2017-06-28 16:30:00', '8', 1),
(350, 25, 2, '2017-06-28 19:00:00', '8', 1),
(351, 25, 2, '2017-06-28 21:30:00', '8', 1),
(352, 1, 1, '2017-06-29 14:00:00', '8', 1),
(353, 1, 1, '2017-06-29 16:30:00', '8', 1),
(354, 1, 1, '2017-06-29 19:00:00', '8', 1),
(355, 1, 1, '2017-06-29 21:30:00', '8', 1),
(356, 2, 2, '2017-06-29 14:30:00', '8', 1),
(357, 2, 2, '2017-06-29 17:00:00', '8', 1),
(358, 2, 2, '2017-06-29 19:30:00', '8', 1),
(359, 2, 2, '2017-06-29 22:00:00', '8', 1),
(360, 3, 3, '2017-06-29 15:00:00', '8', 1),
(361, 3, 3, '2017-06-29 17:30:00', '8', 1),
(362, 3, 3, '2017-06-29 20:00:00', '8', 1),
(363, 3, 3, '2017-06-29 22:30:00', '8', 1),
(364, 4, 4, '2017-06-29 14:00:00', '8', 1),
(365, 4, 4, '2017-06-29 16:30:00', '8', 1),
(366, 4, 4, '2017-06-29 19:00:00', '8', 1),
(367, 4, 4, '2017-06-29 21:30:00', '8', 1),
(368, 5, 5, '2017-06-29 14:30:00', '8', 1),
(369, 5, 5, '2017-06-29 17:00:00', '8', 1),
(370, 5, 5, '2017-06-29 19:30:00', '8', 1),
(371, 5, 5, '2017-06-29 22:00:00', '8', 1),
(372, 6, 1, '2017-06-29 15:00:00', '8', 1),
(373, 6, 1, '2017-06-29 17:30:00', '8', 1),
(374, 6, 1, '2017-06-29 20:00:00', '8', 1),
(375, 6, 1, '2017-06-29 22:30:00', '8', 1),
(376, 7, 3, '2017-06-29 14:00:00', '8', 1),
(377, 7, 3, '2017-06-29 16:30:00', '8', 1),
(378, 7, 3, '2017-06-29 19:00:00', '8', 1),
(379, 7, 3, '2017-06-29 21:30:00', '8', 1),
(380, 8, 6, '2017-06-29 14:30:00', '8', 1),
(381, 8, 6, '2017-06-29 17:00:00', '8', 1),
(382, 8, 6, '2017-06-29 19:30:00', '8', 1),
(383, 8, 6, '2017-06-29 22:00:00', '8', 1),
(384, 9, 5, '2017-06-29 15:00:00', '8', 1),
(385, 9, 5, '2017-06-29 17:30:00', '8', 1),
(386, 9, 5, '2017-06-29 20:00:00', '8', 1),
(387, 9, 5, '2017-06-29 22:30:00', '8', 1),
(388, 10, 2, '2017-06-29 14:00:00', '8', 1),
(389, 10, 2, '2017-06-29 16:30:00', '8', 1),
(390, 10, 2, '2017-06-29 19:00:00', '8', 1),
(391, 10, 2, '2017-06-29 21:30:00', '8', 1),
(392, 11, 1, '2017-06-29 14:30:00', '8', 1),
(393, 11, 1, '2017-06-29 17:00:00', '8', 1),
(394, 11, 1, '2017-06-29 19:30:00', '8', 1),
(395, 11, 1, '2017-06-29 22:00:00', '8', 1),
(396, 12, 5, '2017-06-29 15:00:00', '8', 1),
(397, 12, 5, '2017-06-29 17:30:00', '8', 1),
(398, 12, 5, '2017-06-29 20:00:00', '8', 1),
(399, 12, 5, '2017-06-29 22:30:00', '8', 1),
(400, 13, 3, '2017-06-29 14:00:00', '8', 1),
(401, 13, 3, '2017-06-29 16:30:00', '8', 1),
(402, 13, 3, '2017-06-29 19:00:00', '8', 1),
(403, 13, 3, '2017-06-29 21:30:00', '8', 1),
(404, 14, 2, '2017-06-29 14:30:00', '8', 1),
(405, 14, 2, '2017-06-29 17:00:00', '8', 1),
(406, 14, 2, '2017-06-29 19:30:00', '8', 1),
(407, 14, 2, '2017-06-29 22:00:00', '8', 1),
(408, 15, 6, '2017-06-29 15:00:00', '8', 1),
(409, 15, 6, '2017-06-29 17:30:00', '8', 1),
(410, 15, 6, '2017-06-29 20:00:00', '8', 1),
(411, 15, 6, '2017-06-29 22:30:00', '8', 1),
(412, 16, 1, '2017-06-29 14:00:00', '8', 1),
(413, 16, 1, '2017-06-29 16:30:00', '8', 1),
(414, 16, 1, '2017-06-29 19:00:00', '8', 1),
(415, 16, 1, '2017-06-29 21:30:00', '8', 1),
(416, 17, 2, '2017-06-29 14:30:00', '8', 1),
(417, 17, 2, '2017-06-29 17:00:00', '8', 1),
(418, 17, 2, '2017-06-29 19:30:00', '8', 1),
(419, 17, 2, '2017-06-29 22:00:00', '8', 1),
(420, 18, 3, '2017-06-29 15:00:00', '8', 1),
(421, 18, 3, '2017-06-29 17:30:00', '8', 1),
(422, 18, 3, '2017-06-29 20:00:00', '8', 1),
(423, 18, 3, '2017-06-29 22:30:00', '8', 1),
(424, 19, 4, '2017-06-29 14:00:00', '8', 1),
(425, 19, 4, '2017-06-29 16:30:00', '8', 1),
(426, 19, 4, '2017-06-29 19:00:00', '8', 1),
(427, 19, 4, '2017-06-29 21:30:00', '8', 1),
(428, 20, 5, '2017-06-29 14:30:00', '8', 1),
(429, 20, 5, '2017-06-29 17:00:00', '8', 1),
(430, 20, 5, '2017-06-29 19:30:00', '8', 1),
(431, 20, 5, '2017-06-29 22:00:00', '8', 1),
(432, 21, 1, '2017-06-29 15:00:00', '8', 1),
(433, 21, 1, '2017-06-29 17:30:00', '8', 1),
(434, 21, 1, '2017-06-29 20:00:00', '8', 1),
(435, 21, 1, '2017-06-29 22:30:00', '8', 1),
(436, 22, 3, '2017-06-29 14:00:00', '8', 1),
(437, 22, 3, '2017-06-29 16:30:00', '8', 1),
(438, 22, 3, '2017-06-29 19:00:00', '8', 1),
(439, 22, 3, '2017-06-29 21:30:00', '8', 1),
(440, 23, 6, '2017-06-29 14:30:00', '8', 1),
(441, 23, 6, '2017-06-29 17:00:00', '8', 1),
(442, 23, 6, '2017-06-29 19:30:00', '8', 1),
(443, 23, 6, '2017-06-29 22:00:00', '8', 1),
(444, 24, 5, '2017-06-29 15:00:00', '8', 1),
(445, 24, 5, '2017-06-29 17:30:00', '8', 1),
(446, 24, 5, '2017-06-29 20:00:00', '8', 1),
(447, 24, 5, '2017-06-29 22:30:00', '8', 1),
(448, 25, 2, '2017-06-29 14:00:00', '8', 1),
(449, 25, 2, '2017-06-29 16:30:00', '8', 1),
(450, 25, 2, '2017-06-29 19:00:00', '8', 1),
(451, 25, 2, '2017-06-29 21:30:00', '8', 1),
(452, 1, 7, '2017-06-30 14:00:00', '8', 1),
(453, 1, 7, '2017-06-30 16:30:00', '8', 1),
(454, 1, 7, '2017-06-30 19:00:00', '8', 1),
(455, 1, 7, '2017-06-30 21:30:00', '8', 1),
(456, 2, 6, '2017-06-30 14:30:00', '8', 1),
(457, 2, 6, '2017-06-30 17:00:00', '8', 1),
(458, 2, 6, '2017-06-30 19:30:00', '8', 1),
(459, 2, 6, '2017-06-30 22:00:00', '8', 1),
(460, 3, 3, '2017-06-30 15:00:00', '8', 1),
(461, 3, 3, '2017-06-30 17:30:00', '8', 1),
(462, 3, 3, '2017-06-30 20:00:00', '8', 1),
(463, 3, 3, '2017-06-30 22:30:00', '8', 1),
(464, 4, 4, '2017-06-30 14:00:00', '8', 1),
(465, 4, 4, '2017-06-30 16:30:00', '8', 1),
(466, 4, 4, '2017-06-30 19:00:00', '8', 1),
(467, 4, 4, '2017-06-30 21:30:00', '8', 1),
(468, 5, 5, '2017-06-30 14:30:00', '8', 1),
(469, 5, 5, '2017-06-30 17:00:00', '8', 1),
(470, 5, 5, '2017-06-30 19:30:00', '8', 1),
(471, 5, 5, '2017-06-30 22:00:00', '8', 1),
(472, 6, 6, '2017-06-30 15:00:00', '8', 1),
(473, 6, 6, '2017-06-30 17:30:00', '8', 1),
(474, 6, 6, '2017-06-30 20:00:00', '8', 1),
(475, 6, 6, '2017-06-30 22:30:00', '8', 1),
(476, 7, 3, '2017-06-30 14:00:00', '8', 1),
(477, 7, 3, '2017-06-30 16:30:00', '8', 1),
(478, 7, 3, '2017-06-30 19:00:00', '8', 1),
(479, 7, 3, '2017-06-30 21:30:00', '8', 1),
(480, 8, 7, '2017-06-30 14:30:00', '8', 1),
(481, 8, 7, '2017-06-30 17:00:00', '8', 1),
(482, 8, 7, '2017-06-30 19:30:00', '8', 1),
(483, 8, 7, '2017-06-30 22:00:00', '8', 1),
(484, 9, 5, '2017-06-30 15:00:00', '8', 1),
(485, 9, 5, '2017-06-30 17:30:00', '8', 1),
(486, 9, 5, '2017-06-30 20:00:00', '8', 1),
(487, 9, 5, '2017-06-30 22:30:00', '8', 1),
(488, 10, 2, '2017-06-30 14:00:00', '8', 1),
(489, 10, 2, '2017-06-30 16:30:00', '8', 1),
(490, 10, 2, '2017-06-30 19:00:00', '8', 1),
(491, 10, 2, '2017-06-30 21:30:00', '8', 1),
(492, 11, 6, '2017-06-30 14:30:00', '8', 1),
(493, 11, 6, '2017-06-30 17:00:00', '8', 1),
(494, 11, 6, '2017-06-30 19:30:00', '8', 1),
(495, 11, 6, '2017-06-30 22:00:00', '8', 1),
(496, 12, 5, '2017-06-30 15:00:00', '8', 1),
(497, 12, 5, '2017-06-30 17:30:00', '8', 1),
(498, 12, 5, '2017-06-30 20:00:00', '8', 1),
(499, 12, 5, '2017-06-30 22:30:00', '8', 1),
(500, 13, 3, '2017-06-30 14:00:00', '8', 1),
(501, 13, 3, '2017-06-30 16:30:00', '8', 1),
(502, 13, 3, '2017-06-30 19:00:00', '8', 1),
(503, 13, 3, '2017-06-30 21:30:00', '8', 1),
(504, 14, 7, '2017-06-30 14:30:00', '8', 1),
(505, 14, 7, '2017-06-30 17:00:00', '8', 1),
(506, 14, 7, '2017-06-30 19:30:00', '8', 1),
(507, 14, 7, '2017-06-30 22:00:00', '8', 1),
(508, 15, 8, '2017-06-30 15:00:00', '8', 1),
(509, 15, 8, '2017-06-30 17:30:00', '8', 1),
(510, 15, 8, '2017-06-30 20:00:00', '8', 1),
(511, 15, 8, '2017-06-30 22:30:00', '8', 1),
(512, 16, 6, '2017-06-30 14:00:00', '8', 1),
(513, 16, 6, '2017-06-30 16:30:00', '8', 1),
(514, 16, 6, '2017-06-30 19:00:00', '8', 1),
(515, 16, 6, '2017-06-30 21:30:00', '8', 1),
(516, 17, 7, '2017-06-30 14:30:00', '8', 1),
(517, 17, 7, '2017-06-30 17:00:00', '8', 1),
(518, 17, 7, '2017-06-30 19:30:00', '8', 1),
(519, 17, 7, '2017-06-30 22:00:00', '8', 1),
(520, 18, 3, '2017-06-30 15:00:00', '8', 1),
(521, 18, 3, '2017-06-30 17:30:00', '8', 1),
(522, 18, 3, '2017-06-30 20:00:00', '8', 1),
(523, 18, 3, '2017-06-30 22:30:00', '8', 1),
(524, 19, 4, '2017-06-30 14:00:00', '8', 1),
(525, 19, 4, '2017-06-30 16:30:00', '8', 1),
(526, 19, 4, '2017-06-30 19:00:00', '8', 1),
(527, 19, 4, '2017-06-30 21:30:00', '8', 1),
(528, 20, 5, '2017-06-30 14:30:00', '8', 1),
(529, 20, 5, '2017-06-30 17:00:00', '8', 1),
(530, 20, 5, '2017-06-30 19:30:00', '8', 1),
(531, 20, 5, '2017-06-30 22:00:00', '8', 1),
(532, 21, 6, '2017-06-30 15:00:00', '8', 1),
(533, 21, 6, '2017-06-30 17:30:00', '8', 1),
(534, 21, 6, '2017-06-30 20:00:00', '8', 1),
(535, 21, 6, '2017-06-30 22:30:00', '8', 1),
(536, 22, 3, '2017-06-30 14:00:00', '8', 1),
(537, 22, 3, '2017-06-30 16:30:00', '8', 1),
(538, 22, 3, '2017-06-30 19:00:00', '8', 1),
(539, 22, 3, '2017-06-30 21:30:00', '8', 1),
(540, 23, 7, '2017-06-30 14:30:00', '8', 1),
(541, 23, 7, '2017-06-30 17:00:00', '8', 1),
(542, 23, 7, '2017-06-30 19:30:00', '8', 1),
(543, 23, 7, '2017-06-30 22:00:00', '8', 1),
(544, 24, 5, '2017-06-30 15:00:00', '8', 1),
(545, 24, 5, '2017-06-30 17:30:00', '8', 1),
(546, 24, 5, '2017-06-30 20:00:00', '8', 1),
(547, 24, 5, '2017-06-30 22:30:00', '8', 1),
(548, 25, 2, '2017-06-30 14:00:00', '8', 1),
(549, 25, 2, '2017-06-30 16:30:00', '8', 1),
(550, 25, 2, '2017-06-30 19:00:00', '8', 1),
(551, 25, 2, '2017-06-30 21:30:00', '8', 1),
(552, 1, 6, '2017-07-01 14:00:00', '8', 1),
(553, 1, 6, '2017-07-01 16:30:00', '8', 1),
(554, 1, 6, '2017-07-01 19:00:00', '8', 1),
(555, 1, 6, '2017-07-01 21:30:00', '8', 1),
(556, 2, 7, '2017-07-01 14:30:00', '8', 1),
(557, 2, 7, '2017-07-01 17:00:00', '8', 1),
(558, 2, 7, '2017-07-01 19:30:00', '8', 1),
(559, 2, 7, '2017-07-01 22:00:00', '8', 1),
(560, 3, 3, '2017-07-01 15:00:00', '8', 1),
(561, 3, 3, '2017-07-01 17:30:00', '8', 1),
(562, 3, 3, '2017-07-01 20:00:00', '8', 1),
(563, 3, 3, '2017-07-01 22:30:00', '8', 1),
(564, 4, 4, '2017-07-01 14:00:00', '8', 1),
(565, 4, 4, '2017-07-01 16:30:00', '8', 1),
(566, 4, 4, '2017-07-01 19:00:00', '8', 1),
(567, 4, 4, '2017-07-01 21:30:00', '8', 1),
(568, 5, 5, '2017-07-01 14:30:00', '8', 1),
(569, 5, 5, '2017-07-01 17:00:00', '8', 1),
(570, 5, 5, '2017-07-01 19:30:00', '8', 1),
(571, 5, 5, '2017-07-01 22:00:00', '8', 1),
(572, 6, 6, '2017-07-01 15:00:00', '8', 1),
(573, 6, 6, '2017-07-01 17:30:00', '8', 1),
(574, 6, 6, '2017-07-01 20:00:00', '8', 1),
(575, 6, 6, '2017-07-01 22:30:00', '8', 1),
(576, 7, 3, '2017-07-01 14:00:00', '8', 1),
(577, 7, 3, '2017-07-01 16:30:00', '8', 1),
(578, 7, 3, '2017-07-01 19:00:00', '8', 1),
(579, 7, 3, '2017-07-01 21:30:00', '8', 1),
(580, 8, 7, '2017-07-01 14:30:00', '8', 1),
(581, 8, 7, '2017-07-01 17:00:00', '8', 1),
(582, 8, 7, '2017-07-01 19:30:00', '8', 1),
(583, 8, 7, '2017-07-01 22:00:00', '8', 1),
(584, 9, 5, '2017-07-01 15:00:00', '8', 1),
(585, 9, 5, '2017-07-01 17:30:00', '8', 1),
(586, 9, 5, '2017-07-01 20:00:00', '8', 1),
(587, 9, 5, '2017-07-01 22:30:00', '8', 1),
(588, 10, 2, '2017-07-01 14:00:00', '8', 1),
(589, 10, 2, '2017-07-01 16:30:00', '8', 1),
(590, 10, 2, '2017-07-01 19:00:00', '8', 1),
(591, 10, 2, '2017-07-01 21:30:00', '8', 1),
(592, 11, 6, '2017-07-01 14:30:00', '8', 1),
(593, 11, 6, '2017-07-01 17:00:00', '8', 1),
(594, 11, 6, '2017-07-01 19:30:00', '8', 1),
(595, 11, 6, '2017-07-01 22:00:00', '8', 1),
(596, 12, 5, '2017-07-01 15:00:00', '8', 1),
(597, 12, 5, '2017-07-01 17:30:00', '8', 1),
(598, 12, 5, '2017-07-01 20:00:00', '8', 1),
(599, 12, 5, '2017-07-01 22:30:00', '8', 1),
(600, 13, 3, '2017-07-01 14:00:00', '8', 1),
(601, 13, 3, '2017-07-01 16:30:00', '8', 1),
(602, 13, 3, '2017-07-01 19:00:00', '8', 1),
(603, 13, 3, '2017-07-01 21:30:00', '8', 1),
(604, 14, 7, '2017-07-01 14:30:00', '8', 1),
(605, 14, 7, '2017-07-01 17:00:00', '8', 1),
(606, 14, 7, '2017-07-01 19:30:00', '8', 1),
(607, 14, 7, '2017-07-01 22:00:00', '8', 1),
(608, 15, 8, '2017-07-01 15:00:00', '8', 1),
(609, 15, 8, '2017-07-01 17:30:00', '8', 1),
(610, 15, 8, '2017-07-01 20:00:00', '8', 1),
(611, 15, 8, '2017-07-01 22:30:00', '8', 1),
(612, 16, 6, '2017-07-01 14:00:00', '8', 1),
(613, 16, 6, '2017-07-01 16:30:00', '8', 1),
(614, 16, 6, '2017-07-01 19:00:00', '8', 1),
(615, 16, 6, '2017-07-01 21:30:00', '8', 1),
(616, 17, 7, '2017-07-01 14:30:00', '8', 1),
(617, 17, 7, '2017-07-01 17:00:00', '8', 1),
(618, 17, 7, '2017-07-01 19:30:00', '8', 1),
(619, 17, 7, '2017-07-01 22:00:00', '8', 1),
(620, 18, 3, '2017-07-01 15:00:00', '8', 1),
(621, 18, 3, '2017-07-01 17:30:00', '8', 1),
(622, 18, 3, '2017-07-01 20:00:00', '8', 1),
(623, 18, 3, '2017-07-01 22:30:00', '8', 1),
(624, 19, 4, '2017-07-01 14:00:00', '8', 1),
(625, 19, 4, '2017-07-01 16:30:00', '8', 1),
(626, 19, 4, '2017-07-01 19:00:00', '8', 1),
(627, 19, 4, '2017-07-01 21:30:00', '8', 1),
(628, 20, 5, '2017-07-01 14:30:00', '8', 1),
(629, 20, 5, '2017-07-01 17:00:00', '8', 1),
(630, 20, 5, '2017-07-01 19:30:00', '8', 1),
(631, 20, 5, '2017-07-01 22:00:00', '8', 1),
(632, 21, 6, '2017-07-01 15:00:00', '8', 1),
(633, 21, 6, '2017-07-01 17:30:00', '8', 1),
(634, 21, 6, '2017-07-01 20:00:00', '8', 1),
(635, 21, 6, '2017-07-01 22:30:00', '8', 1),
(636, 22, 3, '2017-07-01 14:00:00', '8', 1),
(637, 22, 3, '2017-07-01 16:30:00', '8', 1),
(638, 22, 3, '2017-07-01 19:00:00', '8', 1),
(639, 22, 3, '2017-07-01 21:30:00', '8', 1),
(640, 23, 7, '2017-07-01 14:30:00', '8', 1),
(641, 23, 7, '2017-07-01 17:00:00', '8', 1),
(642, 23, 7, '2017-07-01 19:30:00', '8', 1),
(643, 23, 7, '2017-07-01 22:00:00', '8', 1),
(644, 24, 5, '2017-07-01 15:00:00', '8', 1),
(645, 24, 5, '2017-07-01 17:30:00', '8', 1),
(646, 24, 5, '2017-07-01 20:00:00', '8', 1),
(647, 24, 5, '2017-07-01 22:30:00', '8', 1),
(648, 25, 2, '2017-07-01 14:00:00', '8', 1),
(649, 25, 2, '2017-07-01 16:30:00', '8', 1),
(650, 25, 2, '2017-07-01 19:00:00', '8', 1),
(651, 25, 2, '2017-07-01 21:30:00', '8', 1),
(652, 1, 6, '2017-07-02 14:00:00', '8', 1),
(653, 1, 6, '2017-07-02 16:30:00', '8', 1),
(654, 1, 6, '2017-07-02 19:00:00', '8', 1),
(655, 1, 6, '2017-07-02 21:30:00', '8', 1),
(656, 2, 7, '2017-07-02 14:30:00', '8', 1),
(657, 2, 7, '2017-07-02 17:00:00', '8', 1),
(658, 2, 7, '2017-07-02 19:30:00', '8', 1),
(659, 2, 7, '2017-07-02 22:00:00', '8', 1),
(660, 3, 3, '2017-07-02 15:00:00', '8', 1),
(661, 3, 3, '2017-07-02 17:30:00', '8', 1),
(662, 3, 3, '2017-07-02 20:00:00', '8', 1),
(663, 3, 3, '2017-07-02 22:30:00', '8', 1),
(664, 4, 4, '2017-07-02 14:00:00', '8', 1),
(665, 4, 4, '2017-07-02 16:30:00', '8', 1),
(666, 4, 4, '2017-07-02 19:00:00', '8', 1),
(667, 4, 4, '2017-07-02 21:30:00', '8', 1),
(668, 5, 5, '2017-07-02 14:30:00', '8', 1),
(669, 5, 5, '2017-07-02 17:00:00', '8', 1),
(670, 5, 5, '2017-07-02 19:30:00', '8', 1),
(671, 5, 5, '2017-07-02 22:00:00', '8', 1),
(672, 6, 6, '2017-07-02 15:00:00', '8', 1),
(673, 6, 6, '2017-07-02 17:30:00', '8', 1),
(674, 6, 6, '2017-07-02 20:00:00', '8', 1),
(675, 6, 6, '2017-07-02 22:30:00', '8', 1),
(676, 7, 3, '2017-07-02 14:00:00', '8', 1),
(677, 7, 3, '2017-07-02 16:30:00', '8', 1),
(678, 7, 3, '2017-07-02 19:00:00', '8', 1),
(679, 7, 3, '2017-07-02 21:30:00', '8', 1),
(680, 8, 7, '2017-07-02 14:30:00', '8', 1),
(681, 8, 7, '2017-07-02 17:00:00', '8', 1),
(682, 8, 7, '2017-07-02 19:30:00', '8', 1),
(683, 8, 7, '2017-07-02 22:00:00', '8', 1),
(684, 9, 5, '2017-07-02 15:00:00', '8', 1),
(685, 9, 5, '2017-07-02 17:30:00', '8', 1),
(686, 9, 5, '2017-07-02 20:00:00', '8', 1),
(687, 9, 5, '2017-07-02 22:30:00', '8', 1),
(688, 10, 2, '2017-07-02 14:00:00', '8', 1),
(689, 10, 2, '2017-07-02 16:30:00', '8', 1),
(690, 10, 2, '2017-07-02 19:00:00', '8', 1),
(691, 10, 2, '2017-07-02 21:30:00', '8', 1),
(692, 11, 6, '2017-07-02 14:30:00', '8', 1),
(693, 11, 6, '2017-07-02 17:00:00', '8', 1),
(694, 11, 6, '2017-07-02 19:30:00', '8', 1),
(695, 11, 6, '2017-07-02 22:00:00', '8', 1),
(696, 12, 5, '2017-07-02 15:00:00', '8', 1),
(697, 12, 5, '2017-07-02 17:30:00', '8', 1),
(698, 12, 5, '2017-07-02 20:00:00', '8', 1),
(699, 12, 5, '2017-07-02 22:30:00', '8', 1),
(700, 13, 3, '2017-07-02 14:00:00', '8', 1),
(701, 13, 3, '2017-07-02 16:30:00', '8', 1),
(702, 13, 3, '2017-07-02 19:00:00', '8', 1),
(703, 13, 3, '2017-07-02 21:30:00', '8', 1),
(704, 14, 7, '2017-07-02 14:30:00', '8', 1),
(705, 14, 7, '2017-07-02 17:00:00', '8', 1),
(706, 14, 7, '2017-07-02 19:30:00', '8', 1),
(707, 14, 7, '2017-07-02 22:00:00', '8', 1),
(708, 15, 8, '2017-07-02 15:00:00', '8', 1),
(709, 15, 8, '2017-07-02 17:30:00', '8', 1),
(710, 15, 8, '2017-07-02 20:00:00', '8', 1),
(711, 15, 8, '2017-07-02 22:30:00', '8', 1),
(712, 16, 6, '2017-07-02 14:00:00', '8', 1),
(713, 16, 6, '2017-07-02 16:30:00', '8', 1),
(714, 16, 6, '2017-07-02 19:00:00', '8', 1),
(715, 16, 6, '2017-07-02 21:30:00', '8', 1),
(716, 17, 7, '2017-07-02 14:30:00', '8', 1),
(717, 17, 7, '2017-07-02 17:00:00', '8', 1),
(718, 17, 7, '2017-07-02 19:30:00', '8', 1),
(719, 17, 7, '2017-07-02 22:00:00', '8', 1),
(720, 18, 3, '2017-07-02 15:00:00', '8', 1),
(721, 18, 3, '2017-07-02 17:30:00', '8', 1),
(722, 18, 3, '2017-07-02 20:00:00', '8', 1),
(723, 18, 3, '2017-07-02 22:30:00', '8', 1),
(724, 19, 4, '2017-07-02 14:00:00', '8', 1),
(725, 19, 4, '2017-07-02 16:30:00', '8', 1),
(726, 19, 4, '2017-07-02 19:00:00', '8', 1),
(727, 19, 4, '2017-07-02 21:30:00', '8', 1),
(728, 20, 5, '2017-07-02 14:30:00', '8', 1),
(729, 20, 5, '2017-07-02 17:00:00', '8', 1),
(730, 20, 5, '2017-07-02 19:30:00', '8', 1),
(731, 20, 5, '2017-07-02 22:00:00', '8', 1),
(732, 21, 6, '2017-07-02 15:00:00', '8', 1),
(733, 21, 6, '2017-07-02 17:30:00', '8', 1),
(734, 21, 6, '2017-07-02 20:00:00', '8', 1),
(735, 21, 6, '2017-07-02 22:30:00', '8', 1),
(736, 22, 3, '2017-07-02 14:00:00', '8', 1),
(737, 22, 3, '2017-07-02 16:30:00', '8', 1),
(738, 22, 3, '2017-07-02 19:00:00', '8', 1),
(739, 22, 3, '2017-07-02 21:30:00', '8', 1),
(740, 23, 7, '2017-07-02 14:30:00', '8', 1),
(741, 23, 7, '2017-07-02 17:00:00', '8', 1),
(742, 23, 7, '2017-07-02 19:30:00', '8', 1),
(743, 23, 7, '2017-07-02 22:00:00', '8', 1),
(744, 24, 5, '2017-07-02 15:00:00', '8', 1),
(745, 24, 5, '2017-07-02 17:30:00', '8', 1),
(746, 24, 5, '2017-07-02 20:00:00', '8', 1),
(747, 24, 5, '2017-07-02 22:30:00', '8', 1),
(748, 25, 2, '2017-07-02 14:00:00', '8', 1),
(749, 25, 2, '2017-07-02 16:30:00', '8', 1),
(750, 25, 2, '2017-07-02 19:00:00', '8', 1),
(751, 25, 2, '2017-07-02 21:30:00', '8', 1),
(752, 1, 6, '2017-07-03 14:00:00', '8', 1),
(753, 1, 6, '2017-07-03 16:30:00', '8', 1),
(754, 1, 6, '2017-07-03 19:00:00', '8', 1),
(755, 1, 6, '2017-07-03 21:30:00', '8', 1),
(756, 2, 7, '2017-07-03 14:30:00', '8', 1),
(757, 2, 7, '2017-07-03 17:00:00', '8', 1),
(758, 2, 7, '2017-07-03 19:30:00', '8', 1),
(759, 2, 7, '2017-07-03 22:00:00', '8', 1),
(760, 3, 3, '2017-07-03 15:00:00', '8', 1),
(761, 3, 3, '2017-07-03 17:30:00', '8', 1),
(762, 3, 3, '2017-07-03 20:00:00', '8', 1),
(763, 3, 3, '2017-07-03 22:30:00', '8', 1),
(764, 4, 4, '2017-07-03 14:00:00', '8', 1),
(765, 4, 4, '2017-07-03 16:30:00', '8', 1),
(766, 4, 4, '2017-07-03 19:00:00', '8', 1),
(767, 4, 4, '2017-07-03 21:30:00', '8', 1),
(768, 5, 5, '2017-07-03 14:30:00', '8', 1),
(769, 5, 5, '2017-07-03 17:00:00', '8', 1),
(770, 5, 5, '2017-07-03 19:30:00', '8', 1),
(771, 5, 5, '2017-07-03 22:00:00', '8', 1),
(772, 6, 6, '2017-07-03 15:00:00', '8', 1),
(773, 6, 6, '2017-07-03 17:30:00', '8', 1),
(774, 6, 6, '2017-07-03 20:00:00', '8', 1),
(775, 6, 6, '2017-07-03 22:30:00', '8', 1),
(776, 7, 3, '2017-07-03 14:00:00', '8', 1),
(777, 7, 3, '2017-07-03 16:30:00', '8', 1),
(778, 7, 3, '2017-07-03 19:00:00', '8', 1),
(779, 7, 3, '2017-07-03 21:30:00', '8', 1),
(780, 8, 7, '2017-07-03 14:30:00', '8', 1),
(781, 8, 7, '2017-07-03 17:00:00', '8', 1),
(782, 8, 7, '2017-07-03 19:30:00', '8', 1),
(783, 8, 7, '2017-07-03 22:00:00', '8', 1),
(784, 9, 5, '2017-07-03 15:00:00', '8', 1),
(785, 9, 5, '2017-07-03 17:30:00', '8', 1),
(786, 9, 5, '2017-07-03 20:00:00', '8', 1),
(787, 9, 5, '2017-07-03 22:30:00', '8', 1),
(788, 10, 2, '2017-07-03 14:00:00', '8', 1),
(789, 10, 2, '2017-07-03 16:30:00', '8', 1),
(790, 10, 2, '2017-07-03 19:00:00', '8', 1),
(791, 10, 2, '2017-07-03 21:30:00', '8', 1),
(792, 11, 6, '2017-07-03 14:30:00', '8', 1),
(793, 11, 6, '2017-07-03 17:00:00', '8', 1),
(794, 11, 6, '2017-07-03 19:30:00', '8', 1),
(795, 11, 6, '2017-07-03 22:00:00', '8', 1),
(796, 12, 5, '2017-07-03 15:00:00', '8', 1),
(797, 12, 5, '2017-07-03 17:30:00', '8', 1),
(798, 12, 5, '2017-07-03 20:00:00', '8', 1),
(799, 12, 5, '2017-07-03 22:30:00', '8', 1),
(800, 13, 3, '2017-07-03 14:00:00', '8', 1),
(801, 13, 3, '2017-07-03 16:30:00', '8', 1),
(802, 13, 3, '2017-07-03 19:00:00', '8', 1),
(803, 13, 3, '2017-07-03 21:30:00', '8', 1),
(804, 14, 7, '2017-07-03 14:30:00', '8', 1),
(805, 14, 7, '2017-07-03 17:00:00', '8', 1),
(806, 14, 7, '2017-07-03 19:30:00', '8', 1),
(807, 14, 7, '2017-07-03 22:00:00', '8', 1),
(808, 15, 8, '2017-07-03 15:00:00', '8', 1),
(809, 15, 8, '2017-07-03 17:30:00', '8', 1),
(810, 15, 8, '2017-07-03 20:00:00', '8', 1),
(811, 15, 8, '2017-07-03 22:30:00', '8', 1),
(812, 16, 6, '2017-07-03 14:00:00', '8', 1),
(813, 16, 6, '2017-07-03 16:30:00', '8', 1),
(814, 16, 6, '2017-07-03 19:00:00', '8', 1),
(815, 16, 6, '2017-07-03 21:30:00', '8', 1),
(816, 17, 7, '2017-07-03 14:30:00', '8', 1),
(817, 17, 7, '2017-07-03 17:00:00', '8', 1),
(818, 17, 7, '2017-07-03 19:30:00', '8', 1),
(819, 17, 7, '2017-07-03 22:00:00', '8', 1),
(820, 18, 3, '2017-07-03 15:00:00', '8', 1),
(821, 18, 3, '2017-07-03 17:30:00', '8', 1),
(822, 18, 3, '2017-07-03 20:00:00', '8', 1),
(823, 18, 3, '2017-07-03 22:30:00', '8', 1),
(824, 19, 4, '2017-07-03 14:00:00', '8', 1),
(825, 19, 4, '2017-07-03 16:30:00', '8', 1),
(826, 19, 4, '2017-07-03 19:00:00', '8', 1),
(827, 19, 4, '2017-07-03 21:30:00', '8', 1),
(828, 20, 5, '2017-07-03 14:30:00', '8', 1),
(829, 20, 5, '2017-07-03 17:00:00', '8', 1),
(830, 20, 5, '2017-07-03 19:30:00', '8', 1),
(831, 20, 5, '2017-07-03 22:00:00', '8', 1),
(832, 21, 6, '2017-07-03 15:00:00', '8', 1),
(833, 21, 6, '2017-07-03 17:30:00', '8', 1),
(834, 21, 6, '2017-07-03 20:00:00', '8', 1),
(835, 21, 6, '2017-07-03 22:30:00', '8', 1),
(836, 22, 3, '2017-07-03 14:00:00', '8', 1),
(837, 22, 3, '2017-07-03 16:30:00', '8', 1),
(838, 22, 3, '2017-07-03 19:00:00', '8', 1),
(839, 22, 3, '2017-07-03 21:30:00', '8', 1),
(840, 23, 7, '2017-07-03 14:30:00', '8', 1),
(841, 23, 7, '2017-07-03 17:00:00', '8', 1),
(842, 23, 7, '2017-07-03 19:30:00', '8', 1),
(843, 23, 7, '2017-07-03 22:00:00', '8', 1),
(844, 24, 5, '2017-07-03 15:00:00', '8', 1),
(845, 24, 5, '2017-07-03 17:30:00', '8', 1),
(846, 24, 5, '2017-07-03 20:00:00', '8', 1),
(847, 24, 5, '2017-07-03 22:30:00', '8', 1),
(848, 25, 2, '2017-07-03 14:00:00', '8', 1),
(849, 25, 2, '2017-07-03 16:30:00', '8', 1),
(850, 25, 2, '2017-07-03 19:00:00', '8', 1),
(851, 25, 2, '2017-07-03 21:30:00', '8', 1),
(852, 1, 4, '2017-07-04 14:00:00', '8', 1),
(853, 1, 4, '2017-07-04 16:30:00', '8', 1),
(854, 1, 4, '2017-07-04 19:00:00', '8', 1),
(855, 1, 4, '2017-07-04 21:30:00', '8', 1),
(856, 2, 5, '2017-07-04 14:30:00', '8', 1),
(857, 2, 5, '2017-07-04 17:00:00', '8', 1),
(858, 2, 5, '2017-07-04 19:30:00', '8', 1),
(859, 2, 5, '2017-07-04 22:00:00', '8', 1),
(860, 3, 6, '2017-07-04 15:00:00', '8', 1),
(861, 3, 6, '2017-07-04 17:30:00', '8', 1),
(862, 3, 6, '2017-07-04 20:00:00', '8', 1),
(863, 3, 6, '2017-07-04 22:30:00', '8', 1),
(864, 4, 7, '2017-07-04 14:00:00', '8', 1),
(865, 4, 7, '2017-07-04 16:30:00', '8', 1),
(866, 4, 7, '2017-07-04 19:00:00', '8', 1),
(867, 4, 7, '2017-07-04 21:30:00', '8', 1),
(868, 5, 8, '2017-07-04 14:30:00', '8', 1),
(869, 5, 8, '2017-07-04 17:00:00', '8', 1),
(870, 5, 8, '2017-07-04 19:30:00', '8', 1),
(871, 5, 8, '2017-07-04 22:00:00', '8', 1),
(872, 6, 4, '2017-07-04 15:00:00', '8', 1),
(873, 6, 4, '2017-07-04 17:30:00', '8', 1),
(874, 6, 4, '2017-07-04 20:00:00', '8', 1),
(875, 6, 4, '2017-07-04 22:30:00', '8', 1),
(876, 7, 6, '2017-07-04 14:00:00', '8', 1),
(877, 7, 6, '2017-07-04 16:30:00', '8', 1),
(878, 7, 6, '2017-07-04 19:00:00', '8', 1),
(879, 7, 6, '2017-07-04 21:30:00', '8', 1),
(880, 8, 8, '2017-07-04 14:30:00', '8', 1),
(881, 8, 8, '2017-07-04 17:00:00', '8', 1),
(882, 8, 8, '2017-07-04 19:30:00', '8', 1),
(883, 8, 8, '2017-07-04 22:00:00', '8', 1),
(884, 9, 7, '2017-07-04 15:00:00', '8', 1),
(885, 9, 7, '2017-07-04 17:30:00', '8', 1),
(886, 9, 7, '2017-07-04 20:00:00', '8', 1),
(887, 9, 7, '2017-07-04 22:30:00', '8', 1),
(888, 10, 5, '2017-07-04 14:00:00', '8', 1),
(889, 10, 5, '2017-07-04 16:30:00', '8', 1),
(890, 10, 5, '2017-07-04 19:00:00', '8', 1),
(891, 10, 5, '2017-06-26 21:30:00', '8', 1),
(892, 11, 4, '2017-07-04 14:30:00', '8', 1),
(893, 11, 4, '2017-07-04 17:00:00', '8', 1),
(894, 11, 4, '2017-07-04 19:30:00', '8', 1),
(895, 11, 4, '2017-07-04 22:00:00', '8', 1),
(896, 12, 5, '2017-07-04 15:00:00', '8', 1),
(897, 12, 5, '2017-07-04 17:30:00', '8', 1),
(898, 12, 5, '2017-07-04 20:00:00', '8', 1),
(899, 12, 5, '2017-07-04 22:30:00', '8', 1),
(900, 13, 7, '2017-07-04 14:00:00', '8', 1),
(901, 13, 7, '2017-07-04 16:30:00', '8', 1),
(902, 13, 7, '2017-07-04 19:00:00', '8', 1),
(903, 13, 7, '2017-07-04 21:30:00', '8', 1),
(904, 14, 8, '2017-07-04 14:30:00', '8', 1),
(905, 14, 8, '2017-07-04 17:00:00', '8', 1),
(906, 14, 8, '2017-07-04 19:30:00', '8', 1),
(907, 14, 8, '2017-07-04 22:00:00', '8', 1),
(908, 15, 6, '2017-07-04 15:00:00', '8', 1),
(909, 15, 6, '2017-07-04 17:30:00', '8', 1),
(910, 15, 6, '2017-07-04 20:00:00', '8', 1),
(911, 15, 6, '2017-07-04 22:30:00', '8', 1),
(912, 16, 4, '2017-07-04 14:00:00', '8', 1),
(913, 16, 4, '2017-07-04 16:30:00', '8', 1),
(914, 16, 4, '2017-07-04 19:00:00', '8', 1),
(915, 16, 4, '2017-07-04 21:30:00', '8', 1),
(916, 17, 5, '2017-07-04 14:30:00', '8', 1),
(917, 17, 5, '2017-07-04 17:00:00', '8', 1),
(918, 17, 5, '2017-07-04 19:30:00', '8', 1),
(919, 17, 5, '2017-07-04 22:00:00', '8', 1),
(920, 18, 6, '2017-07-04 15:00:00', '8', 1),
(921, 18, 6, '2017-07-04 17:30:00', '8', 1),
(922, 18, 6, '2017-07-04 20:00:00', '8', 1),
(923, 18, 6, '2017-07-04 22:30:00', '8', 1),
(924, 19, 7, '2017-07-04 14:00:00', '8', 1),
(925, 19, 7, '2017-07-04 16:30:00', '8', 1),
(926, 19, 7, '2017-07-04 19:00:00', '8', 1),
(927, 19, 7, '2017-07-04 21:30:00', '8', 1),
(928, 20, 8, '2017-07-04 14:30:00', '8', 1),
(929, 20, 8, '2017-07-04 17:00:00', '8', 1),
(930, 20, 8, '2017-07-04 19:30:00', '8', 1),
(931, 20, 8, '2017-07-04 22:00:00', '8', 1),
(932, 21, 4, '2017-07-04 15:00:00', '8', 1),
(933, 21, 4, '2017-07-04 17:30:00', '8', 1),
(934, 21, 4, '2017-07-04 20:00:00', '8', 1),
(935, 21, 4, '2017-07-04 22:30:00', '8', 1),
(936, 22, 6, '2017-07-04 14:00:00', '8', 1),
(937, 22, 6, '2017-07-04 16:30:00', '8', 1),
(938, 22, 6, '2017-07-04 19:00:00', '8', 1),
(939, 22, 6, '2017-07-04 21:30:00', '8', 1),
(940, 23, 8, '2017-07-04 14:30:00', '8', 1),
(941, 23, 8, '2017-07-04 17:00:00', '8', 1),
(942, 23, 8, '2017-07-04 19:30:00', '8', 1),
(943, 23, 8, '2017-07-04 22:00:00', '8', 1),
(944, 24, 7, '2017-07-04 15:00:00', '8', 1),
(945, 24, 7, '2017-07-04 17:30:00', '8', 1),
(946, 24, 7, '2017-07-04 20:00:00', '8', 1),
(947, 24, 7, '2017-07-04 22:30:00', '8', 1),
(948, 25, 5, '2017-07-04 14:00:00', '8', 1),
(949, 25, 5, '2017-07-04 16:30:00', '8', 1),
(950, 25, 5, '2017-07-04 19:00:00', '8', 1),
(951, 25, 5, '2017-07-04 21:30:00', '8', 1),
(952, 1, 4, '2017-07-05 14:00:00', '8', 1),
(953, 1, 4, '2017-07-05 16:30:00', '8', 1),
(954, 1, 4, '2017-07-05 19:00:00', '8', 1),
(955, 1, 4, '2017-07-05 21:30:00', '8', 1),
(956, 2, 5, '2017-07-05 14:30:00', '8', 1),
(957, 2, 5, '2017-07-05 17:00:00', '8', 1),
(958, 2, 5, '2017-07-05 19:30:00', '8', 1),
(959, 2, 5, '2017-07-05 22:00:00', '8', 1),
(960, 3, 6, '2017-07-05 15:00:00', '8', 1),
(961, 3, 6, '2017-07-05 17:30:00', '8', 1),
(962, 3, 6, '2017-07-05 20:00:00', '8', 1),
(963, 3, 6, '2017-07-05 22:30:00', '8', 1),
(964, 4, 7, '2017-07-05 14:00:00', '8', 1),
(965, 4, 7, '2017-07-05 16:30:00', '8', 1),
(966, 4, 7, '2017-07-05 19:00:00', '8', 1),
(967, 4, 7, '2017-07-05 21:30:00', '8', 1),
(968, 5, 8, '2017-07-05 14:30:00', '8', 1),
(969, 5, 8, '2017-07-05 17:00:00', '8', 1),
(970, 5, 8, '2017-07-05 19:30:00', '8', 1),
(971, 5, 8, '2017-07-05 22:00:00', '8', 1),
(972, 6, 4, '2017-07-05 15:00:00', '8', 1),
(973, 6, 4, '2017-07-05 17:30:00', '8', 1),
(974, 6, 4, '2017-07-05 20:00:00', '8', 1),
(975, 6, 4, '2017-07-05 22:30:00', '8', 1),
(976, 7, 6, '2017-07-05 14:00:00', '8', 1),
(977, 7, 6, '2017-07-05 16:30:00', '8', 1),
(978, 7, 6, '2017-07-05 19:00:00', '8', 1),
(979, 7, 6, '2017-07-05 21:30:00', '8', 1),
(980, 8, 8, '2017-07-05 14:30:00', '8', 1),
(981, 8, 8, '2017-07-05 17:00:00', '8', 1),
(982, 8, 8, '2017-07-05 19:30:00', '8', 1),
(983, 8, 8, '2017-07-05 22:00:00', '8', 1),
(984, 9, 7, '2017-07-05 15:00:00', '8', 1),
(985, 9, 7, '2017-07-05 17:30:00', '8', 1),
(986, 9, 7, '2017-07-05 20:00:00', '8', 1),
(987, 9, 7, '2017-07-05 22:30:00', '8', 1),
(988, 10, 5, '2017-07-05 14:00:00', '8', 1),
(989, 10, 5, '2017-07-05 16:30:00', '8', 1),
(990, 10, 5, '2017-07-05 19:00:00', '8', 1),
(991, 10, 5, '2017-06-27 21:30:00', '8', 1),
(992, 11, 4, '2017-07-05 14:30:00', '8', 1),
(993, 11, 4, '2017-07-05 17:00:00', '8', 1),
(994, 11, 4, '2017-07-05 19:30:00', '8', 1),
(995, 11, 4, '2017-07-05 22:00:00', '8', 1),
(996, 12, 5, '2017-07-05 15:00:00', '8', 1),
(997, 12, 5, '2017-07-05 17:30:00', '8', 1),
(998, 12, 5, '2017-07-05 20:00:00', '8', 1),
(999, 12, 5, '2017-07-05 22:30:00', '8', 1),
(1000, 13, 6, '2017-07-05 14:00:00', '8', 1),
(1001, 13, 6, '2017-07-05 16:30:00', '8', 1),
(1002, 13, 6, '2017-07-05 19:00:00', '8', 1),
(1003, 13, 6, '2017-07-05 21:30:00', '8', 1),
(1004, 14, 8, '2017-07-05 14:30:00', '8', 1),
(1005, 14, 8, '2017-07-05 17:00:00', '8', 1),
(1006, 14, 8, '2017-07-05 19:30:00', '8', 1),
(1007, 14, 8, '2017-07-05 22:00:00', '8', 1),
(1008, 15, 7, '2017-07-05 15:00:00', '8', 1),
(1009, 15, 7, '2017-07-05 17:30:00', '8', 1),
(1010, 15, 7, '2017-07-05 20:00:00', '8', 1),
(1011, 15, 7, '2017-07-05 22:30:00', '8', 1),
(1012, 16, 4, '2017-07-05 14:00:00', '8', 1),
(1013, 16, 4, '2017-07-05 16:30:00', '8', 1),
(1014, 16, 4, '2017-07-05 19:00:00', '8', 1),
(1015, 16, 4, '2017-07-05 21:30:00', '8', 1),
(1016, 17, 5, '2017-07-05 14:30:00', '8', 1),
(1017, 17, 5, '2017-07-05 17:00:00', '8', 1),
(1018, 17, 5, '2017-07-05 19:30:00', '8', 1),
(1019, 17, 5, '2017-07-05 22:00:00', '8', 1),
(1020, 18, 6, '2017-07-05 15:00:00', '8', 1),
(1021, 18, 6, '2017-07-05 17:30:00', '8', 1),
(1022, 18, 6, '2017-07-05 20:00:00', '8', 1),
(1023, 18, 6, '2017-07-05 22:30:00', '8', 1),
(1024, 19, 7, '2017-07-05 14:00:00', '8', 1),
(1025, 19, 7, '2017-07-05 16:30:00', '8', 1),
(1026, 19, 7, '2017-07-05 19:00:00', '8', 1),
(1027, 19, 7, '2017-07-05 21:30:00', '8', 1),
(1028, 20, 8, '2017-07-05 14:30:00', '8', 1),
(1029, 20, 8, '2017-07-05 17:00:00', '8', 1),
(1030, 20, 8, '2017-07-05 19:30:00', '8', 1),
(1031, 20, 8, '2017-07-05 22:00:00', '8', 1),
(1032, 21, 4, '2017-07-05 15:00:00', '8', 1),
(1033, 21, 4, '2017-07-05 17:30:00', '8', 1),
(1034, 21, 4, '2017-07-05 20:00:00', '8', 1),
(1035, 21, 4, '2017-07-05 22:30:00', '8', 1),
(1036, 22, 6, '2017-07-05 14:00:00', '8', 1),
(1037, 22, 6, '2017-07-05 16:30:00', '8', 1),
(1038, 22, 6, '2017-07-05 19:00:00', '8', 1),
(1039, 22, 6, '2017-07-05 21:30:00', '8', 1),
(1040, 23, 8, '2017-07-05 14:30:00', '8', 1),
(1041, 23, 8, '2017-07-05 17:00:00', '8', 1),
(1042, 23, 8, '2017-07-05 19:30:00', '8', 1),
(1043, 23, 8, '2017-07-05 22:00:00', '8', 1),
(1044, 24, 7, '2017-07-05 15:00:00', '8', 1),
(1045, 24, 7, '2017-07-05 17:30:00', '8', 1),
(1046, 24, 7, '2017-07-05 20:00:00', '8', 1),
(1047, 24, 7, '2017-07-05 22:30:00', '8', 1),
(1048, 25, 5, '2017-07-05 14:00:00', '8', 1),
(1049, 25, 5, '2017-07-05 16:30:00', '8', 1),
(1050, 25, 5, '2017-07-05 19:00:00', '8', 1),
(1051, 25, 5, '2017-07-05 21:30:00', '8', 1),
(1052, 1, 4, '2017-07-06 14:00:00', '8', 1),
(1053, 1, 4, '2017-07-06 16:30:00', '8', 1),
(1054, 1, 4, '2017-07-06 19:00:00', '8', 1),
(1055, 1, 4, '2017-07-06 21:30:00', '8', 1),
(1056, 2, 5, '2017-07-06 14:30:00', '8', 1),
(1057, 2, 5, '2017-07-06 17:00:00', '8', 1),
(1058, 2, 5, '2017-07-06 19:30:00', '8', 1),
(1059, 2, 5, '2017-07-06 22:00:00', '8', 1),
(1060, 3, 6, '2017-07-06 15:00:00', '8', 1),
(1061, 3, 6, '2017-07-06 17:30:00', '8', 1),
(1062, 3, 6, '2017-07-06 20:00:00', '8', 1),
(1063, 3, 6, '2017-07-06 22:30:00', '8', 1),
(1064, 4, 7, '2017-07-06 14:00:00', '8', 1),
(1065, 4, 7, '2017-07-06 16:30:00', '8', 1),
(1066, 4, 7, '2017-07-06 19:00:00', '8', 1),
(1067, 4, 7, '2017-07-06 21:30:00', '8', 1),
(1068, 5, 8, '2017-07-06 14:30:00', '8', 1),
(1069, 5, 8, '2017-07-06 17:00:00', '8', 1),
(1070, 5, 8, '2017-07-06 19:30:00', '8', 1),
(1071, 5, 8, '2017-07-06 22:00:00', '8', 1),
(1072, 6, 4, '2017-07-06 15:00:00', '8', 1),
(1073, 6, 4, '2017-07-06 17:30:00', '8', 1),
(1074, 6, 4, '2017-07-06 20:00:00', '8', 1),
(1075, 6, 4, '2017-07-06 22:30:00', '8', 1),
(1076, 7, 6, '2017-07-06 14:00:00', '8', 1),
(1077, 7, 6, '2017-07-06 16:30:00', '8', 1),
(1078, 7, 6, '2017-07-06 19:00:00', '8', 1),
(1079, 7, 6, '2017-07-06 21:30:00', '8', 1),
(1080, 8, 8, '2017-07-06 14:30:00', '8', 1),
(1081, 8, 8, '2017-07-06 17:00:00', '8', 1),
(1082, 8, 8, '2017-07-06 19:30:00', '8', 1),
(1083, 8, 8, '2017-07-06 22:00:00', '8', 1),
(1084, 9, 7, '2017-07-06 15:00:00', '8', 1),
(1085, 9, 7, '2017-07-06 17:30:00', '8', 1),
(1086, 9, 7, '2017-07-06 20:00:00', '8', 1),
(1087, 9, 7, '2017-07-06 22:30:00', '8', 1),
(1088, 10, 5, '2017-07-06 14:00:00', '8', 1),
(1089, 10, 5, '2017-07-06 16:30:00', '8', 1),
(1090, 10, 5, '2017-07-06 19:00:00', '8', 1),
(1091, 10, 5, '2017-06-28 21:30:00', '8', 1),
(1092, 11, 4, '2017-07-06 14:30:00', '8', 1),
(1093, 11, 4, '2017-07-06 17:00:00', '8', 1),
(1094, 11, 4, '2017-07-06 19:30:00', '8', 1),
(1095, 11, 4, '2017-07-06 22:00:00', '8', 1),
(1096, 12, 5, '2017-07-06 15:00:00', '8', 1),
(1097, 12, 5, '2017-07-06 17:30:00', '8', 1),
(1098, 12, 5, '2017-07-06 20:00:00', '8', 1),
(1099, 12, 5, '2017-07-06 22:30:00', '8', 1),
(1100, 13, 6, '2017-07-06 14:00:00', '8', 1),
(1101, 13, 6, '2017-07-06 16:30:00', '8', 1),
(1102, 13, 6, '2017-07-06 19:00:00', '8', 1),
(1103, 13, 6, '2017-07-06 21:30:00', '8', 1),
(1104, 14, 8, '2017-07-06 14:30:00', '8', 1),
(1105, 14, 8, '2017-07-06 17:00:00', '8', 1),
(1106, 14, 8, '2017-07-06 19:30:00', '8', 1),
(1107, 14, 8, '2017-07-06 22:00:00', '8', 1),
(1108, 15, 7, '2017-07-06 15:00:00', '8', 1),
(1109, 15, 7, '2017-07-06 17:30:00', '8', 1),
(1110, 15, 7, '2017-07-06 20:00:00', '8', 1),
(1111, 15, 7, '2017-07-06 22:30:00', '8', 1),
(1112, 16, 4, '2017-07-06 14:00:00', '8', 1),
(1113, 16, 4, '2017-07-06 16:30:00', '8', 1),
(1114, 16, 4, '2017-07-06 19:00:00', '8', 1),
(1115, 16, 4, '2017-07-06 21:30:00', '8', 1),
(1116, 17, 5, '2017-07-06 14:30:00', '8', 1),
(1117, 17, 5, '2017-07-06 17:00:00', '8', 1),
(1118, 17, 5, '2017-07-06 19:30:00', '8', 1),
(1119, 17, 5, '2017-07-06 22:00:00', '8', 1),
(1120, 18, 6, '2017-07-06 15:00:00', '8', 1),
(1121, 18, 6, '2017-07-06 17:30:00', '8', 1),
(1122, 18, 6, '2017-07-06 20:00:00', '8', 1),
(1123, 18, 6, '2017-07-06 22:30:00', '8', 1),
(1124, 19, 7, '2017-07-06 14:00:00', '8', 1),
(1125, 19, 7, '2017-07-06 16:30:00', '8', 1),
(1126, 19, 7, '2017-07-06 19:00:00', '8', 1),
(1127, 19, 7, '2017-07-06 21:30:00', '8', 1),
(1128, 20, 8, '2017-07-06 14:30:00', '8', 1),
(1129, 20, 8, '2017-07-06 17:00:00', '8', 1),
(1130, 20, 8, '2017-07-06 19:30:00', '8', 1),
(1131, 20, 8, '2017-07-06 22:00:00', '8', 1),
(1132, 21, 4, '2017-07-06 15:00:00', '8', 1),
(1133, 21, 4, '2017-07-06 17:30:00', '8', 1),
(1134, 21, 4, '2017-07-06 20:00:00', '8', 1),
(1135, 21, 4, '2017-07-06 22:30:00', '8', 1),
(1136, 22, 6, '2017-07-06 14:00:00', '8', 1),
(1137, 22, 6, '2017-07-06 16:30:00', '8', 1),
(1138, 22, 6, '2017-07-06 19:00:00', '8', 1),
(1139, 22, 6, '2017-07-06 21:30:00', '8', 1),
(1140, 23, 8, '2017-07-06 14:30:00', '8', 1),
(1141, 23, 8, '2017-07-06 17:00:00', '8', 1),
(1142, 23, 8, '2017-07-06 19:30:00', '8', 1),
(1143, 23, 8, '2017-07-06 22:00:00', '8', 1),
(1144, 24, 7, '2017-07-06 15:00:00', '8', 1),
(1145, 24, 7, '2017-07-06 17:30:00', '8', 1),
(1146, 24, 7, '2017-07-06 20:00:00', '8', 1),
(1147, 24, 7, '2017-07-06 22:30:00', '8', 1),
(1148, 25, 5, '2017-07-06 14:00:00', '8', 1),
(1149, 25, 5, '2017-07-06 16:30:00', '8', 1),
(1150, 25, 5, '2017-07-06 19:00:00', '8', 1),
(1151, 25, 5, '2017-07-06 21:30:00', '8', 1),
(1152, 1, 4, '2017-07-07 14:00:00', '8', 1),
(1153, 1, 4, '2017-07-07 16:30:00', '8', 1),
(1154, 1, 4, '2017-07-07 19:00:00', '8', 1),
(1155, 1, 4, '2017-07-07 21:30:00', '8', 1),
(1156, 2, 5, '2017-07-07 14:30:00', '8', 1),
(1157, 2, 5, '2017-07-07 17:00:00', '8', 1),
(1158, 2, 5, '2017-07-07 19:30:00', '8', 1),
(1159, 2, 5, '2017-07-07 22:00:00', '8', 1),
(1160, 3, 6, '2017-07-07 15:00:00', '8', 1),
(1161, 3, 6, '2017-07-07 17:30:00', '8', 1),
(1162, 3, 6, '2017-07-07 20:00:00', '8', 1),
(1163, 3, 6, '2017-07-07 22:30:00', '8', 1),
(1164, 4, 7, '2017-07-07 14:00:00', '8', 1),
(1165, 4, 7, '2017-07-07 16:30:00', '8', 1),
(1166, 4, 7, '2017-07-07 19:00:00', '8', 1),
(1167, 4, 7, '2017-07-07 21:30:00', '8', 1),
(1168, 5, 8, '2017-07-07 14:30:00', '8', 1),
(1169, 5, 8, '2017-07-07 17:00:00', '8', 1),
(1170, 5, 8, '2017-07-07 19:30:00', '8', 1),
(1171, 5, 8, '2017-07-07 22:00:00', '8', 1),
(1172, 6, 4, '2017-07-07 15:00:00', '8', 1),
(1173, 6, 4, '2017-07-07 17:30:00', '8', 1),
(1174, 6, 4, '2017-07-07 20:00:00', '8', 1),
(1175, 6, 4, '2017-07-07 22:30:00', '8', 1),
(1176, 7, 6, '2017-07-07 14:00:00', '8', 1),
(1177, 7, 6, '2017-07-07 16:30:00', '8', 1),
(1178, 7, 6, '2017-07-07 19:00:00', '8', 1),
(1179, 7, 6, '2017-07-07 21:30:00', '8', 1),
(1180, 8, 8, '2017-07-07 14:30:00', '8', 1),
(1181, 8, 8, '2017-07-07 17:00:00', '8', 1),
(1182, 8, 8, '2017-07-07 19:30:00', '8', 1),
(1183, 8, 8, '2017-07-07 22:00:00', '8', 1),
(1184, 9, 7, '2017-07-07 15:00:00', '8', 1),
(1185, 9, 7, '2017-07-07 17:30:00', '8', 1),
(1186, 9, 7, '2017-07-07 20:00:00', '8', 1),
(1187, 9, 7, '2017-07-07 22:30:00', '8', 1),
(1188, 10, 5, '2017-07-07 14:00:00', '8', 1),
(1189, 10, 5, '2017-07-07 16:30:00', '8', 1),
(1190, 10, 5, '2017-07-07 19:00:00', '8', 1),
(1191, 10, 5, '2017-06-29 21:30:00', '8', 1),
(1192, 11, 4, '2017-07-07 14:30:00', '8', 1),
(1193, 11, 4, '2017-07-07 17:00:00', '8', 1),
(1194, 11, 4, '2017-07-07 19:30:00', '8', 1),
(1195, 11, 4, '2017-07-07 22:00:00', '8', 1),
(1196, 12, 5, '2017-07-07 15:00:00', '8', 1),
(1197, 12, 5, '2017-07-07 17:30:00', '8', 1),
(1198, 12, 5, '2017-07-07 20:00:00', '8', 1),
(1199, 12, 5, '2017-07-07 22:30:00', '8', 1),
(1200, 13, 6, '2017-07-07 14:00:00', '8', 1),
(1201, 13, 6, '2017-07-07 16:30:00', '8', 1),
(1202, 13, 6, '2017-07-07 19:00:00', '8', 1),
(1203, 13, 6, '2017-07-07 21:30:00', '8', 1),
(1204, 14, 7, '2017-07-07 14:30:00', '8', 1),
(1205, 14, 7, '2017-07-07 17:00:00', '8', 1),
(1206, 14, 7, '2017-07-07 19:30:00', '8', 1),
(1207, 14, 7, '2017-07-07 22:00:00', '8', 1),
(1208, 15, 8, '2017-07-07 15:00:00', '8', 1),
(1209, 15, 8, '2017-07-07 17:30:00', '8', 1),
(1210, 15, 8, '2017-07-07 20:00:00', '8', 1),
(1211, 15, 8, '2017-07-07 22:30:00', '8', 1),
(1212, 16, 4, '2017-07-07 14:00:00', '8', 1),
(1213, 16, 4, '2017-07-07 16:30:00', '8', 1),
(1214, 16, 4, '2017-07-07 19:00:00', '8', 1),
(1215, 16, 4, '2017-07-07 21:30:00', '8', 1),
(1216, 17, 5, '2017-07-07 14:30:00', '8', 1),
(1217, 17, 5, '2017-07-07 17:00:00', '8', 1);
INSERT INTO `funcion` (`id`, `id_sala`, `id_pelicula`, `fecha`, `precio`, `activo`) VALUES
(1218, 17, 5, '2017-07-07 19:30:00', '8', 1),
(1219, 17, 5, '2017-07-07 22:00:00', '8', 1),
(1220, 18, 6, '2017-07-07 15:00:00', '8', 1),
(1221, 18, 6, '2017-07-07 17:30:00', '8', 1),
(1222, 18, 6, '2017-07-07 20:00:00', '8', 1),
(1223, 18, 6, '2017-07-07 22:30:00', '8', 1),
(1224, 19, 7, '2017-07-07 14:00:00', '8', 1),
(1225, 19, 7, '2017-07-07 16:30:00', '8', 1),
(1226, 19, 7, '2017-07-07 19:00:00', '8', 1),
(1227, 19, 7, '2017-07-07 21:30:00', '8', 1),
(1228, 20, 8, '2017-07-07 14:30:00', '8', 1),
(1229, 20, 8, '2017-07-07 17:00:00', '8', 1),
(1230, 20, 8, '2017-07-07 19:30:00', '8', 1),
(1231, 20, 8, '2017-07-07 22:00:00', '8', 1),
(1232, 21, 4, '2017-07-07 15:00:00', '8', 1),
(1233, 21, 4, '2017-07-07 17:30:00', '8', 1),
(1234, 21, 4, '2017-07-07 20:00:00', '8', 1),
(1235, 21, 4, '2017-07-07 22:30:00', '8', 1),
(1236, 22, 6, '2017-07-07 14:00:00', '8', 1),
(1237, 22, 6, '2017-07-07 16:30:00', '8', 1),
(1238, 22, 6, '2017-07-07 19:00:00', '8', 1),
(1239, 22, 6, '2017-07-07 21:30:00', '8', 1),
(1240, 23, 8, '2017-07-07 14:30:00', '8', 1),
(1241, 23, 8, '2017-07-07 17:00:00', '8', 1),
(1242, 23, 8, '2017-07-07 19:30:00', '8', 1),
(1243, 23, 8, '2017-07-07 22:00:00', '8', 1),
(1244, 24, 7, '2017-07-07 15:00:00', '8', 1),
(1245, 24, 7, '2017-07-07 17:30:00', '8', 1),
(1246, 24, 7, '2017-07-07 20:00:00', '8', 1),
(1247, 24, 7, '2017-07-07 22:30:00', '8', 1),
(1248, 25, 5, '2017-07-07 14:00:00', '8', 1),
(1249, 25, 5, '2017-07-07 16:30:00', '8', 1),
(1250, 25, 5, '2017-07-07 19:00:00', '8', 1),
(1251, 25, 5, '2017-07-07 21:30:00', '8', 1),
(1252, 1, 6, '2017-07-08 14:00:00', '8', 1),
(1253, 1, 6, '2017-07-08 16:30:00', '8', 1),
(1254, 1, 6, '2017-07-08 19:00:00', '8', 1),
(1255, 1, 6, '2017-07-08 21:30:00', '8', 1),
(1256, 2, 7, '2017-07-08 14:30:00', '8', 1),
(1257, 2, 7, '2017-07-08 17:00:00', '8', 1),
(1258, 2, 7, '2017-07-08 19:30:00', '8', 1),
(1259, 2, 7, '2017-07-08 22:00:00', '8', 1),
(1260, 3, 8, '2017-07-08 15:00:00', '8', 1),
(1261, 3, 8, '2017-07-08 17:30:00', '8', 1),
(1262, 3, 8, '2017-07-08 20:00:00', '8', 1),
(1263, 3, 8, '2017-07-08 22:30:00', '8', 1),
(1264, 4, 9, '2017-07-08 14:00:00', '8', 1),
(1265, 4, 9, '2017-07-08 16:30:00', '8', 1),
(1266, 4, 9, '2017-07-08 19:00:00', '8', 1),
(1267, 4, 9, '2017-07-08 21:30:00', '8', 1),
(1268, 5, 10, '2017-07-08 14:30:00', '8', 1),
(1269, 5, 10, '2017-07-08 17:00:00', '8', 1),
(1270, 5, 10, '2017-07-08 19:30:00', '8', 1),
(1271, 5, 10, '2017-06-30 22:00:00', '8', 1),
(1272, 6, 6, '2017-07-08 15:00:00', '8', 1),
(1273, 6, 6, '2017-07-08 17:30:00', '8', 1),
(1274, 6, 6, '2017-07-08 20:00:00', '8', 1),
(1275, 6, 6, '2017-07-08 22:30:00', '8', 1),
(1276, 7, 10, '2017-07-08 14:00:00', '8', 1),
(1277, 7, 10, '2017-07-08 16:30:00', '8', 1),
(1278, 7, 10, '2017-07-08 19:00:00', '8', 1),
(1279, 7, 10, '2017-07-08 21:30:00', '8', 1),
(1280, 8, 7, '2017-07-08 14:30:00', '8', 1),
(1281, 8, 7, '2017-07-08 17:00:00', '8', 1),
(1282, 8, 7, '2017-07-08 19:30:00', '8', 1),
(1283, 8, 7, '2017-07-08 22:00:00', '8', 1),
(1284, 9, 9, '2017-07-08 15:00:00', '8', 1),
(1285, 9, 9, '2017-07-08 17:30:00', '8', 1),
(1286, 9, 9, '2017-07-08 20:00:00', '8', 1),
(1287, 9, 9, '2017-07-08 22:30:00', '8', 1),
(1288, 10, 8, '2017-07-08 14:00:00', '8', 1),
(1289, 10, 8, '2017-07-08 16:30:00', '8', 1),
(1290, 10, 8, '2017-07-08 19:00:00', '8', 1),
(1291, 10, 8, '2017-07-08 21:30:00', '8', 1),
(1292, 11, 10, '2017-07-08 14:30:00', '8', 1),
(1293, 11, 10, '2017-07-08 17:00:00', '8', 1),
(1294, 11, 10, '2017-07-08 19:30:00', '8', 1),
(1295, 11, 10, '2017-07-08 22:00:00', '8', 1),
(1296, 12, 8, '2017-07-08 15:00:00', '8', 1),
(1297, 12, 8, '2017-07-08 17:30:00', '8', 1),
(1298, 12, 8, '2017-07-08 20:00:00', '8', 1),
(1299, 12, 8, '2017-07-08 22:30:00', '8', 1),
(1300, 13, 6, '2017-07-08 14:00:00', '8', 1),
(1301, 13, 6, '2017-07-08 16:30:00', '8', 1),
(1302, 13, 6, '2017-07-08 19:00:00', '8', 1),
(1303, 13, 6, '2017-07-08 21:30:00', '8', 1),
(1304, 14, 7, '2017-07-08 14:30:00', '8', 1),
(1305, 14, 7, '2017-07-08 17:00:00', '8', 1),
(1306, 14, 7, '2017-07-08 19:30:00', '8', 1),
(1307, 14, 7, '2017-07-08 22:00:00', '8', 1),
(1308, 15, 9, '2017-07-08 15:00:00', '8', 1),
(1309, 15, 9, '2017-07-08 17:30:00', '8', 1),
(1310, 15, 9, '2017-07-08 20:00:00', '8', 1),
(1311, 15, 9, '2017-07-08 22:30:00', '8', 1),
(1312, 16, 6, '2017-07-08 14:00:00', '8', 1),
(1313, 16, 6, '2017-07-08 16:30:00', '8', 1),
(1314, 16, 6, '2017-07-08 19:00:00', '8', 1),
(1315, 16, 6, '2017-07-08 21:30:00', '8', 1),
(1316, 17, 7, '2017-07-08 14:30:00', '8', 1),
(1317, 17, 7, '2017-07-08 17:00:00', '8', 1),
(1318, 17, 7, '2017-07-08 19:30:00', '8', 1),
(1319, 17, 7, '2017-07-08 22:00:00', '8', 1),
(1320, 18, 8, '2017-07-08 15:00:00', '8', 1),
(1321, 18, 8, '2017-07-08 17:30:00', '8', 1),
(1322, 18, 8, '2017-07-08 20:00:00', '8', 1),
(1323, 18, 8, '2017-07-08 22:30:00', '8', 1),
(1324, 19, 9, '2017-07-08 14:00:00', '8', 1),
(1325, 19, 9, '2017-07-08 16:30:00', '8', 1),
(1326, 19, 9, '2017-07-08 19:00:00', '8', 1),
(1327, 19, 9, '2017-07-08 21:30:00', '8', 1),
(1328, 20, 10, '2017-07-08 14:30:00', '8', 1),
(1329, 20, 10, '2017-07-08 17:00:00', '8', 1),
(1330, 20, 10, '2017-07-08 19:30:00', '8', 1),
(1331, 20, 10, '2017-07-08 22:00:00', '8', 1),
(1332, 21, 6, '2017-07-08 15:00:00', '8', 1),
(1333, 21, 6, '2017-07-08 17:30:00', '8', 1),
(1334, 21, 6, '2017-07-08 20:00:00', '8', 1),
(1335, 21, 6, '2017-07-08 22:30:00', '8', 1),
(1336, 22, 10, '2017-07-08 14:00:00', '8', 1),
(1337, 22, 10, '2017-07-08 16:30:00', '8', 1),
(1338, 22, 10, '2017-07-08 19:00:00', '8', 1),
(1339, 22, 10, '2017-07-08 21:30:00', '8', 1),
(1340, 23, 7, '2017-07-08 14:30:00', '8', 1),
(1341, 23, 7, '2017-07-08 17:00:00', '8', 1),
(1342, 23, 7, '2017-07-08 19:30:00', '8', 1),
(1343, 23, 7, '2017-07-08 22:00:00', '8', 1),
(1344, 24, 9, '2017-07-08 15:00:00', '8', 1),
(1345, 24, 9, '2017-07-08 17:30:00', '8', 1),
(1346, 24, 9, '2017-07-08 20:00:00', '8', 1),
(1347, 24, 9, '2017-07-08 22:30:00', '8', 1),
(1348, 25, 8, '2017-07-08 14:00:00', '8', 1),
(1349, 25, 8, '2017-07-08 16:30:00', '8', 1),
(1350, 25, 8, '2017-07-08 19:00:00', '8', 1),
(1351, 25, 8, '2017-07-08 21:30:00', '8', 1),
(1352, 1, 6, '2017-07-09 14:00:00', '8', 1),
(1353, 1, 6, '2017-07-09 16:30:00', '8', 1),
(1354, 1, 6, '2017-07-09 19:00:00', '8', 1),
(1355, 1, 6, '2017-07-09 21:30:00', '8', 1),
(1356, 2, 7, '2017-07-09 14:30:00', '8', 1),
(1357, 2, 7, '2017-07-09 17:00:00', '8', 1),
(1358, 2, 7, '2017-07-09 19:30:00', '8', 1),
(1359, 2, 7, '2017-07-09 22:00:00', '8', 1),
(1360, 3, 8, '2017-07-09 15:00:00', '8', 1),
(1361, 3, 8, '2017-07-09 17:30:00', '8', 1),
(1362, 3, 8, '2017-07-09 20:00:00', '8', 1),
(1363, 3, 8, '2017-07-09 22:30:00', '8', 1),
(1364, 4, 9, '2017-07-09 14:00:00', '8', 1),
(1365, 4, 9, '2017-07-09 16:30:00', '8', 1),
(1366, 4, 9, '2017-07-09 19:00:00', '8', 1),
(1367, 4, 9, '2017-07-09 21:30:00', '8', 1),
(1368, 5, 10, '2017-07-09 14:30:00', '8', 1),
(1369, 5, 10, '2017-07-09 17:00:00', '8', 1),
(1370, 5, 10, '2017-07-09 19:30:00', '8', 1),
(1371, 5, 10, '2017-07-01 22:00:00', '8', 1),
(1372, 6, 6, '2017-07-09 15:00:00', '8', 1),
(1373, 6, 6, '2017-07-09 17:30:00', '8', 1),
(1374, 6, 6, '2017-07-09 20:00:00', '8', 1),
(1375, 6, 6, '2017-07-09 22:30:00', '8', 1),
(1376, 7, 10, '2017-07-09 14:00:00', '8', 1),
(1377, 7, 10, '2017-07-09 16:30:00', '8', 1),
(1378, 7, 10, '2017-07-09 19:00:00', '8', 1),
(1379, 7, 10, '2017-07-09 21:30:00', '8', 1),
(1380, 8, 7, '2017-07-09 14:30:00', '8', 1),
(1381, 8, 7, '2017-07-09 17:00:00', '8', 1),
(1382, 8, 7, '2017-07-09 19:30:00', '8', 1),
(1383, 8, 7, '2017-07-09 22:00:00', '8', 1),
(1384, 9, 8, '2017-07-09 15:00:00', '8', 1),
(1385, 9, 8, '2017-07-09 17:30:00', '8', 1),
(1386, 9, 8, '2017-07-09 20:00:00', '8', 1),
(1387, 9, 8, '2017-07-09 22:30:00', '8', 1),
(1388, 10, 9, '2017-07-09 14:00:00', '8', 1),
(1389, 10, 9, '2017-07-09 16:30:00', '8', 1),
(1390, 10, 9, '2017-07-09 19:00:00', '8', 1),
(1391, 10, 9, '2017-07-09 21:30:00', '8', 1),
(1392, 11, 10, '2017-07-09 14:30:00', '8', 1),
(1393, 11, 10, '2017-07-09 17:00:00', '8', 1),
(1394, 11, 10, '2017-07-09 19:30:00', '8', 1),
(1395, 11, 10, '2017-07-09 22:00:00', '8', 1),
(1396, 12, 8, '2017-07-09 15:00:00', '8', 1),
(1397, 12, 8, '2017-07-09 17:30:00', '8', 1),
(1398, 12, 8, '2017-07-09 20:00:00', '8', 1),
(1399, 12, 8, '2017-07-09 22:30:00', '8', 1),
(1400, 13, 6, '2017-07-09 14:00:00', '8', 1),
(1401, 13, 6, '2017-07-09 16:30:00', '8', 1),
(1402, 13, 6, '2017-07-09 19:00:00', '8', 1),
(1403, 13, 6, '2017-07-09 21:30:00', '8', 1),
(1404, 14, 7, '2017-07-09 14:30:00', '8', 1),
(1405, 14, 7, '2017-07-09 17:00:00', '8', 1),
(1406, 14, 7, '2017-07-09 19:30:00', '8', 1),
(1407, 14, 7, '2017-07-09 22:00:00', '8', 1),
(1408, 15, 9, '2017-07-09 15:00:00', '8', 1),
(1409, 15, 9, '2017-07-09 17:30:00', '8', 1),
(1410, 15, 9, '2017-07-09 20:00:00', '8', 1),
(1411, 15, 9, '2017-07-09 22:30:00', '8', 1),
(1412, 16, 6, '2017-07-09 14:00:00', '8', 1),
(1413, 16, 6, '2017-07-09 16:30:00', '8', 1),
(1414, 16, 6, '2017-07-09 19:00:00', '8', 1),
(1415, 16, 6, '2017-07-09 21:30:00', '8', 1),
(1416, 17, 7, '2017-07-09 14:30:00', '8', 1),
(1417, 17, 7, '2017-07-09 17:00:00', '8', 1),
(1418, 17, 7, '2017-07-09 19:30:00', '8', 1),
(1419, 17, 7, '2017-07-09 22:00:00', '8', 1),
(1420, 18, 8, '2017-07-09 15:00:00', '8', 1),
(1421, 18, 8, '2017-07-09 17:30:00', '8', 1),
(1422, 18, 8, '2017-07-09 20:00:00', '8', 1),
(1423, 18, 8, '2017-07-09 22:30:00', '8', 1),
(1424, 19, 9, '2017-07-09 14:00:00', '8', 1),
(1425, 19, 9, '2017-07-09 16:30:00', '8', 1),
(1426, 19, 9, '2017-07-09 19:00:00', '8', 1),
(1427, 19, 9, '2017-07-09 21:30:00', '8', 1),
(1428, 20, 10, '2017-07-09 14:30:00', '8', 1),
(1429, 20, 10, '2017-07-09 17:00:00', '8', 1),
(1430, 20, 10, '2017-07-09 19:30:00', '8', 1),
(1431, 20, 10, '2017-07-09 22:00:00', '8', 1),
(1432, 21, 6, '2017-07-09 15:00:00', '8', 1),
(1433, 21, 6, '2017-07-09 17:30:00', '8', 1),
(1434, 21, 6, '2017-07-09 20:00:00', '8', 1),
(1435, 21, 6, '2017-07-09 22:30:00', '8', 1),
(1436, 22, 10, '2017-07-09 14:00:00', '8', 1),
(1437, 22, 10, '2017-07-09 16:30:00', '8', 1),
(1438, 22, 10, '2017-07-09 19:00:00', '8', 1),
(1439, 22, 10, '2017-07-09 21:30:00', '8', 1),
(1440, 23, 7, '2017-07-09 14:30:00', '8', 1),
(1441, 23, 7, '2017-07-09 17:00:00', '8', 1),
(1442, 23, 7, '2017-07-09 19:30:00', '8', 1),
(1443, 23, 7, '2017-07-09 22:00:00', '8', 1),
(1444, 24, 8, '2017-07-09 15:00:00', '8', 1),
(1445, 24, 8, '2017-07-09 17:30:00', '8', 1),
(1446, 24, 8, '2017-07-09 20:00:00', '8', 1),
(1447, 24, 8, '2017-07-09 22:30:00', '8', 1),
(1448, 25, 9, '2017-07-09 14:00:00', '8', 1),
(1449, 25, 9, '2017-07-09 16:30:00', '8', 1),
(1450, 25, 9, '2017-07-09 19:00:00', '8', 1),
(1451, 25, 9, '2017-07-09 21:30:00', '8', 1),
(1452, 1, 6, '2017-07-10 14:00:00', '8', 1),
(1453, 1, 6, '2017-07-10 16:30:00', '8', 1),
(1454, 1, 6, '2017-07-10 19:00:00', '8', 1),
(1455, 1, 6, '2017-07-10 21:30:00', '8', 1),
(1456, 2, 7, '2017-07-10 14:30:00', '8', 1),
(1457, 2, 7, '2017-07-10 17:00:00', '8', 1),
(1458, 2, 7, '2017-07-10 19:30:00', '8', 1),
(1459, 2, 7, '2017-07-10 22:00:00', '8', 1),
(1460, 3, 8, '2017-07-10 15:00:00', '8', 1),
(1461, 3, 8, '2017-07-10 17:30:00', '8', 1),
(1462, 3, 8, '2017-07-10 20:00:00', '8', 1),
(1463, 3, 8, '2017-07-10 22:30:00', '8', 1),
(1464, 4, 9, '2017-07-10 14:00:00', '8', 1),
(1465, 4, 9, '2017-07-10 16:30:00', '8', 1),
(1466, 4, 9, '2017-07-10 19:00:00', '8', 1),
(1467, 4, 9, '2017-07-10 21:30:00', '8', 1),
(1468, 5, 10, '2017-07-10 14:30:00', '8', 1),
(1469, 5, 10, '2017-07-10 17:00:00', '8', 1),
(1470, 5, 10, '2017-07-10 19:30:00', '8', 1),
(1471, 5, 10, '2017-07-02 22:00:00', '8', 1),
(1472, 6, 6, '2017-07-10 15:00:00', '8', 1),
(1473, 6, 6, '2017-07-10 17:30:00', '8', 1),
(1474, 6, 6, '2017-07-10 20:00:00', '8', 1),
(1475, 6, 6, '2017-07-10 22:30:00', '8', 1),
(1476, 7, 10, '2017-07-10 14:00:00', '8', 1),
(1477, 7, 10, '2017-07-10 16:30:00', '8', 1),
(1478, 7, 10, '2017-07-10 19:00:00', '8', 1),
(1479, 7, 10, '2017-07-10 21:30:00', '8', 1),
(1480, 8, 7, '2017-07-10 14:30:00', '8', 1),
(1481, 8, 7, '2017-07-10 17:00:00', '8', 1),
(1482, 8, 7, '2017-07-10 19:30:00', '8', 1),
(1483, 8, 7, '2017-07-10 22:00:00', '8', 1),
(1484, 9, 8, '2017-07-10 15:00:00', '8', 1),
(1485, 9, 8, '2017-07-10 17:30:00', '8', 1),
(1486, 9, 8, '2017-07-10 20:00:00', '8', 1),
(1487, 9, 8, '2017-07-10 22:30:00', '8', 1),
(1488, 10, 9, '2017-07-10 14:00:00', '8', 1),
(1489, 10, 9, '2017-07-10 16:30:00', '8', 1),
(1490, 10, 9, '2017-07-10 19:00:00', '8', 1),
(1491, 10, 9, '2017-07-10 21:30:00', '8', 1),
(1492, 11, 10, '2017-07-10 14:30:00', '8', 1),
(1493, 11, 10, '2017-07-10 17:00:00', '8', 1),
(1494, 11, 10, '2017-07-10 19:30:00', '8', 1),
(1495, 11, 10, '2017-07-10 22:00:00', '8', 1),
(1496, 12, 8, '2017-07-10 15:00:00', '8', 1),
(1497, 12, 8, '2017-07-10 17:30:00', '8', 1),
(1498, 12, 8, '2017-07-10 20:00:00', '8', 1),
(1499, 12, 8, '2017-07-10 22:30:00', '8', 1),
(1500, 13, 6, '2017-07-10 14:00:00', '8', 1),
(1501, 13, 6, '2017-07-10 16:30:00', '8', 1),
(1502, 13, 6, '2017-07-10 19:00:00', '8', 1),
(1503, 13, 6, '2017-07-10 21:30:00', '8', 1),
(1504, 14, 7, '2017-07-10 14:30:00', '8', 1),
(1505, 14, 7, '2017-07-10 17:00:00', '8', 1),
(1506, 14, 7, '2017-07-10 19:30:00', '8', 1),
(1507, 14, 7, '2017-07-10 22:00:00', '8', 1),
(1508, 15, 9, '2017-07-10 15:00:00', '8', 1),
(1509, 15, 9, '2017-07-10 17:30:00', '8', 1),
(1510, 15, 9, '2017-07-10 20:00:00', '8', 1),
(1511, 15, 9, '2017-07-10 22:30:00', '8', 1),
(1512, 16, 6, '2017-07-10 14:00:00', '8', 1),
(1513, 16, 6, '2017-07-10 16:30:00', '8', 1),
(1514, 16, 6, '2017-07-10 19:00:00', '8', 1),
(1515, 16, 6, '2017-07-10 21:30:00', '8', 1),
(1516, 17, 7, '2017-07-10 14:30:00', '8', 1),
(1517, 17, 7, '2017-07-10 17:00:00', '8', 1),
(1518, 17, 7, '2017-07-10 19:30:00', '8', 1),
(1519, 17, 7, '2017-07-10 22:00:00', '8', 1),
(1520, 18, 8, '2017-07-10 15:00:00', '8', 1),
(1521, 18, 8, '2017-07-10 17:30:00', '8', 1),
(1522, 18, 8, '2017-07-10 20:00:00', '8', 1),
(1523, 18, 8, '2017-07-10 22:30:00', '8', 1),
(1524, 19, 9, '2017-07-10 14:00:00', '8', 1),
(1525, 19, 9, '2017-07-10 16:30:00', '8', 1),
(1526, 19, 9, '2017-07-10 19:00:00', '8', 1),
(1527, 19, 9, '2017-07-10 21:30:00', '8', 1),
(1528, 20, 10, '2017-07-10 14:30:00', '8', 1),
(1529, 20, 10, '2017-07-10 17:00:00', '8', 1),
(1530, 20, 10, '2017-07-10 19:30:00', '8', 1),
(1531, 20, 10, '2017-07-10 22:00:00', '8', 1),
(1532, 21, 6, '2017-07-10 15:00:00', '8', 1),
(1533, 21, 6, '2017-07-10 17:30:00', '8', 1),
(1534, 21, 6, '2017-07-10 20:00:00', '8', 1),
(1535, 21, 6, '2017-07-10 22:30:00', '8', 1),
(1536, 22, 10, '2017-07-10 14:00:00', '8', 1),
(1537, 22, 10, '2017-07-10 16:30:00', '8', 1),
(1538, 22, 10, '2017-07-10 19:00:00', '8', 1),
(1539, 22, 10, '2017-07-10 21:30:00', '8', 1),
(1540, 23, 7, '2017-07-10 14:30:00', '8', 1),
(1541, 23, 7, '2017-07-10 17:00:00', '8', 1),
(1542, 23, 7, '2017-07-10 19:30:00', '8', 1),
(1543, 23, 7, '2017-07-10 22:00:00', '8', 1),
(1544, 24, 9, '2017-07-10 15:00:00', '8', 1),
(1545, 24, 9, '2017-07-10 17:30:00', '8', 1),
(1546, 24, 9, '2017-07-10 20:00:00', '8', 1),
(1547, 24, 9, '2017-07-10 22:30:00', '8', 1),
(1548, 25, 8, '2017-07-10 14:00:00', '8', 1),
(1549, 25, 8, '2017-07-10 16:30:00', '8', 1),
(1550, 25, 8, '2017-07-10 19:00:00', '8', 1),
(1551, 25, 8, '2017-07-10 21:30:00', '8', 1),
(1552, 1, 6, '2017-07-11 14:00:00', '8', 1),
(1553, 1, 6, '2017-07-11 16:30:00', '8', 1),
(1554, 1, 6, '2017-07-11 19:00:00', '8', 1),
(1555, 1, 6, '2017-07-11 21:30:00', '8', 1),
(1556, 2, 7, '2017-07-11 14:30:00', '8', 1),
(1557, 2, 7, '2017-07-11 17:00:00', '8', 1),
(1558, 2, 7, '2017-07-11 19:30:00', '8', 1),
(1559, 2, 7, '2017-07-11 22:00:00', '8', 1),
(1560, 3, 8, '2017-07-11 15:00:00', '8', 1),
(1561, 3, 8, '2017-07-11 17:30:00', '8', 1),
(1562, 3, 8, '2017-07-11 20:00:00', '8', 1),
(1563, 3, 8, '2017-07-11 22:30:00', '8', 1),
(1564, 4, 9, '2017-07-11 14:00:00', '8', 1),
(1565, 4, 9, '2017-07-11 16:30:00', '8', 1),
(1566, 4, 9, '2017-07-11 19:00:00', '8', 1),
(1567, 4, 9, '2017-07-11 21:30:00', '8', 1),
(1568, 5, 10, '2017-07-11 14:30:00', '8', 1),
(1569, 5, 10, '2017-07-11 17:00:00', '8', 1),
(1570, 5, 10, '2017-07-11 19:30:00', '8', 1),
(1571, 5, 10, '2017-07-11 22:00:00', '8', 1),
(1572, 6, 6, '2017-07-11 15:00:00', '8', 1),
(1573, 6, 6, '2017-07-11 17:30:00', '8', 1),
(1574, 6, 6, '2017-07-11 20:00:00', '8', 1),
(1575, 6, 6, '2017-07-11 22:30:00', '8', 1),
(1576, 7, 10, '2017-07-11 14:00:00', '8', 1),
(1577, 7, 10, '2017-07-11 16:30:00', '8', 1),
(1578, 7, 10, '2017-07-11 19:00:00', '8', 1),
(1579, 7, 10, '2017-07-11 21:30:00', '8', 1),
(1580, 8, 7, '2017-07-11 14:30:00', '8', 1),
(1581, 8, 7, '2017-07-11 17:00:00', '8', 1),
(1582, 8, 7, '2017-07-11 19:30:00', '8', 1),
(1583, 8, 7, '2017-07-11 22:00:00', '8', 1),
(1584, 9, 9, '2017-07-11 15:00:00', '8', 1),
(1585, 9, 9, '2017-07-11 17:30:00', '8', 1),
(1586, 9, 9, '2017-07-11 20:00:00', '8', 1),
(1587, 9, 9, '2017-07-11 22:30:00', '8', 1),
(1588, 10, 8, '2017-07-11 14:00:00', '8', 1),
(1589, 10, 8, '2017-07-11 16:30:00', '8', 1),
(1590, 10, 8, '2017-07-11 19:00:00', '8', 1),
(1591, 10, 8, '2017-07-11 21:30:00', '8', 1),
(1592, 11, 10, '2017-07-11 14:30:00', '8', 1),
(1593, 11, 10, '2017-07-11 17:00:00', '8', 1),
(1594, 11, 10, '2017-07-11 19:30:00', '8', 1),
(1595, 11, 10, '2017-07-11 22:00:00', '8', 1),
(1596, 12, 8, '2017-07-11 15:00:00', '8', 1),
(1597, 12, 8, '2017-07-11 17:30:00', '8', 1),
(1598, 12, 8, '2017-07-11 20:00:00', '8', 1),
(1599, 12, 8, '2017-07-11 22:30:00', '8', 1),
(1600, 13, 6, '2017-07-11 14:00:00', '8', 1),
(1601, 13, 6, '2017-07-11 16:30:00', '8', 1),
(1602, 13, 6, '2017-07-11 19:00:00', '8', 1),
(1603, 13, 6, '2017-07-11 21:30:00', '8', 1),
(1604, 14, 7, '2017-07-11 14:30:00', '8', 1),
(1605, 14, 7, '2017-07-11 17:00:00', '8', 1),
(1606, 14, 7, '2017-07-11 19:30:00', '8', 1),
(1607, 14, 7, '2017-07-11 22:00:00', '8', 1),
(1608, 15, 9, '2017-07-11 15:00:00', '8', 1),
(1609, 15, 9, '2017-07-11 17:30:00', '8', 1),
(1610, 15, 9, '2017-07-11 20:00:00', '8', 1),
(1611, 15, 9, '2017-07-11 22:30:00', '8', 1),
(1612, 16, 6, '2017-07-11 14:00:00', '8', 1),
(1613, 16, 6, '2017-07-11 16:30:00', '8', 1),
(1614, 16, 6, '2017-07-11 19:00:00', '8', 1),
(1615, 16, 6, '2017-07-11 21:30:00', '8', 1),
(1616, 17, 7, '2017-07-11 14:30:00', '8', 1),
(1617, 17, 7, '2017-07-11 17:00:00', '8', 1),
(1618, 17, 7, '2017-07-11 19:30:00', '8', 1),
(1619, 17, 7, '2017-07-11 22:00:00', '8', 1),
(1620, 18, 8, '2017-07-11 15:00:00', '8', 1),
(1621, 18, 8, '2017-07-11 17:30:00', '8', 1),
(1622, 18, 8, '2017-07-11 20:00:00', '8', 1),
(1623, 18, 8, '2017-07-11 22:30:00', '8', 1),
(1624, 19, 9, '2017-07-11 14:00:00', '8', 1),
(1625, 19, 9, '2017-07-11 16:30:00', '8', 1),
(1626, 19, 9, '2017-07-11 19:00:00', '8', 1),
(1627, 19, 9, '2017-07-11 21:30:00', '8', 1),
(1628, 20, 10, '2017-07-11 14:30:00', '8', 1),
(1629, 20, 10, '2017-07-11 17:00:00', '8', 1),
(1630, 20, 10, '2017-07-11 19:30:00', '8', 1),
(1631, 20, 10, '2017-07-11 22:00:00', '8', 1),
(1632, 21, 6, '2017-07-11 15:00:00', '8', 1),
(1633, 21, 6, '2017-07-11 17:30:00', '8', 1),
(1634, 21, 6, '2017-07-11 20:00:00', '8', 1),
(1635, 21, 6, '2017-07-11 22:30:00', '8', 1),
(1636, 22, 10, '2017-07-11 14:00:00', '8', 1),
(1637, 22, 10, '2017-07-11 16:30:00', '8', 1),
(1638, 22, 10, '2017-07-11 19:00:00', '8', 1),
(1639, 22, 10, '2017-07-11 21:30:00', '8', 1),
(1640, 23, 7, '2017-07-11 14:30:00', '8', 1),
(1641, 23, 7, '2017-07-11 17:00:00', '8', 1),
(1642, 23, 7, '2017-07-11 19:30:00', '8', 1),
(1643, 23, 7, '2017-07-11 22:00:00', '8', 1),
(1644, 24, 9, '2017-07-11 15:00:00', '8', 1),
(1645, 24, 9, '2017-07-11 17:30:00', '8', 1),
(1646, 24, 9, '2017-07-11 20:00:00', '8', 1),
(1647, 24, 9, '2017-07-11 22:30:00', '8', 1),
(1648, 25, 8, '2017-07-11 14:00:00', '8', 1),
(1649, 25, 8, '2017-07-11 16:30:00', '8', 1),
(1650, 25, 8, '2017-07-11 19:00:00', '8', 1),
(1651, 25, 8, '2017-07-11 21:30:00', '8', 1);

-- --------------------------------------------------------

--
-- Table structure for table `pelicula`
--

CREATE TABLE `pelicula` (
  `id` int(11) NOT NULL,
  `nombreFoto` varchar(30) COLLATE utf8mb4_spanish_ci NOT NULL,
  `nombre` varchar(30) COLLATE utf8mb4_spanish_ci NOT NULL,
  `urlyoutube` varchar(256) COLLATE utf8mb4_spanish_ci NOT NULL,
  `descripcion` varchar(256) COLLATE utf8mb4_spanish_ci NOT NULL,
  `sinopsis` varchar(256) COLLATE utf8mb4_spanish_ci NOT NULL,
  `preestreno` tinyint(1) NOT NULL,
  `comun` tinyint(1) NOT NULL
) ENGINE=InnoDB DEFAULT CHARSET=utf8mb4 COLLATE=utf8mb4_spanish_ci;

--
-- Dumping data for table `pelicula`
--

INSERT INTO `pelicula` (`id`, `nombreFoto`, `nombre`, `urlyoutube`, `descripcion`, `sinopsis`, `preestreno`, `comun`) VALUES
(1, 'kkong.jpg', 'KONG: LA ISLA CALAVERA', 'https://www.youtube.com/embed/8wP_3OO3Res', 'Ttulo original\r\nKong: Skull Islandaka \r\nAo\r\n2017\r\nDuracin\r\n120 min.\r\nPas\r\nEstados Unidos Estados Unidos\r\nDirector\r\nJordan Vogt-Roberts\r\nGuion\r\nDan Gilroy, Max Borenstein, Derek Connolly (Historia: John Gatins)', 'Un grupo de viajeros, exploradores y soldados de lo ms dispar se rene para viajar a una misteriosa isla del Pacfico que no aparece en los mapas. Entre ellos estn el Capitn James Conrad (Tom Hiddleston), el Teniente Coronel Packard (Samuel L. Jackson) ', 0, 1),
(2, 'mult.jpg', 'MLTIPLE', 'https://www.youtube.com/embed/vxBR7LeYKiw', 'Ttulo original\r\nSplit\r\nAo\r\n2016\r\nDuracin\r\n116 min.\r\nPas\r\nEstados Unidos Estados Unidos\r\nDirector\r\nM. Night Shyamalan\r\nGuion\r\nM. Night Shyamalan\r\nMsica\r\nWest Dylan Thordson\r\nProductora\r\nUniversal / Blinding Edge Pictures / Blumhouse Productions', 'Debido a un trauma de la infancia temprana, Kevin (James McAvoy) sufre trastorno de identidad disociativo (DID), ms comnmente conocido como trastorno de personalidad mltiple. Dentro de l conviven 23 identidades diferentes. Entre ellas, estn las person', 0, 1),
(3, 'life.jpg', 'LIFE (VIDA)', 'https://www.youtube.com/embed/y9hrcbwmYKI', 'Life\r\nAo\r\n2017\r\nDuracin\r\n103 min.\r\nPas\r\nEstados Unidos Estados Unidos\r\nDirector\r\nDaniel Espinosa\r\nGuion\r\nRhett Reese, Paul Wernick\r\nMsica\r\nJon Ekstrand\r\nFotografa\r\nSeamus McGarvey', 'Roy Adams (Ryan Reynolds), David Jordan (Jake Gyllenhaal) y la tripulacin de la Estacin Espacial Internacional viajan a Marte con el objetivo de comprobar si las muestras recogidas en el planeta rojo presentan indicios de vida inteligente. Cuando uno de ', 0, 0),
(4, 'logan.jpg', 'LOGAN', 'https://www.youtube.com/embed/3OUSBjG3peI', 'Ttulo original\r\nLoganaka \r\nAo\r\n2017\r\nDuracin\r\n135 min.\r\nPas\r\nEstados Unidos Estados Unidos\r\nDirector\r\nJames Mangold\r\nGuion\r\nScott Frank, James Mangold, Michael Green (Historia: James Mangold)\r\nMsica\r\nMarco Beltrami\r\nFotografa\r\nJohn Mathieson', 'Es el ao 2029. Los mutantes prcticamente han desparecido. Un cansado y abatido Logan (Hugh Jackman) vive retirado en la ciudad mexicana de El Paso. Es una sombra de lo que era. Se gana la vida conduciendo limusinas y se emborracha ms de la cuenta. Su co', 0, 0),
(5, 'zonahostil.jpg', 'Zona Hostil', 'https://www.youtube.com/embed/HIaVe_j84Hs', 'Ttulo original\r\nZona hostil\r\nAo\r\n2017\r\nDuracin\r\n93 min.\r\nPas\r\nEspaa Espaa\r\nDirector\r\nAdolfo Martnez\r\nGuion\r\nLuis Arranz, Andrs M. Koppel\r\nMsica\r\nRoque Baos\r\nFotografa\r\nAlfredo Mayo', 'A un convoy americano escoltado por la Legin espaola le estalla una mina al norte de Afganistn, y el inexperto Teniente Conte (Ral Mrida) queda al mando de una dotacin para proteger a los heridos hasta que los evacuen. La capitn Varela (Ariadna Gil)', 0, 0),
(6, 'byb.jpg', 'Bella y Bestia', 'https://www.youtube.com/embed/XpMjfUJ1lUc', 'Ttulo original\r\nBeauty and the Beastaka \r\nAo\r\n2017\r\nDuracin\r\n123 min.\r\nPas\r\nEstados Unidos Estados Unidos\r\nDirector\r\nBill Condon\r\nGuion\r\nStephen Chbosky, Evan Spiliotopoulos (Novela: Jeanne-Marie Leprince de Beaumont)\r\nMsica\r\nAlan Menken\r\nFotografa\r\n', 'Adaptacin en imagen real del clsico de Disney \"La bella y la bestia\", que cuenta la historia de Bella (Emma Watson), una joven brillante y enrgica, que suea con aventuras y un mundo que se extiende ms all de los confines de su pueblo en Francia. Inde', 0, 0),
(7, 'ff.jpg', 'Fast and Furious 8', 'https://www.youtube.com/embed/BLKaI3D9P2E', 'Ttulo original\r\nThe Fate of the Furiousaka \r\nAo\r\n2017\r\nDuracin\r\n136 min.\r\nPas\r\nEstados Unidos Estados Unidos\r\nDirector\r\nF. Gary Gray\r\nGuion\r\nChris Morgan, Gary Scott Thompson\r\nMsica\r\nBrian Tyler\r\nFotografa\r\nStephen F. Windon', 'Con Dom y Letty de luna de miel, Brian y Mia fuera del juego y el resto de la pandilla exonerada de todo cargo, el equipo est instalado en una vida aparentemente normal. Pero cuando una misteriosa mujer (Theron) seduce a Dom (Diesel) para regresar nuevame', 0, 0),
(8, 'eptb.jpg', 'Es por tu bien', 'https://www.youtube.com/embed/IvbBc2hFN4Q', 'Ttulo original\r\nEs por tu bien\r\nAo\r\n2017\r\nDuracin\r\n93 min.\r\nPas\r\nEspaa Espaa\r\nDirector\r\nCarlos Thern\r\nGuion\r\nManuel Burque, Josep Gatell\r\nMsica\r\nJavier Rodero\r\nFotografa\r\nMiguel P. Gilaberte', 'La peor pesadilla que un padre puede tener con una hija es que sta crezca y llegue el da en que le presente a su novio, y que ste sea un tipo despreciable que busca una sola cosa de su preciada y amada niita. Y ese da es precisamente el que les llega ', 0, 0),
(9, 'cb.jpg', 'La cura del bienestar', 'https://www.youtube.com/embed/YiUPcwzb7tA', 'Ttulo original\r\nA Cure for Wellness\r\nAo\r\n2017\r\nDuracin\r\n156 min.\r\nPas\r\nEstados Unidos Estados Unidos\r\nDirector\r\nGore Verbinski\r\nGuion\r\nJustin Haythe, Gore Verbinski\r\nMsica\r\nBenjamin Wallfisch\r\nFotografa\r\nBojan Bazelli', 'Un joven y ambicioso ejecutivo de empresa (Dane DeHaan) es enviado para traer de vuelta al CEO de su compaa, que se encuentra en un idlico pero misterioso \"centro de bienestar\", situado en un lugar remoto de los Alpes suizos. El joven pronto sospecha qu', 0, 0),
(10, 'gi.jpg', 'El guardian invisible', 'https://www.youtube.com/embed/ONnr5_un0Qg', 'Ttulo original\r\nEl guardin invisible\r\nAo\r\n2017\r\nDuracin\r\n129 min.\r\nPas\r\nEspaa Espaa\r\nDirector\r\nFernando Gonzlez Molina\r\nGuion\r\nLuiso Berdejo (Novela: Dolores Redondo)\r\nMsica\r\nFernando Velzquez\r\nFotografa\r\nFlavio Martnez Labiano', 'En los mrgenes del ro Baztn, en tierras de Navarra, aparece el cuerpo desnudo de una adolescente en circunstancias que relacionan ese crimen con un asesinato ocurrido un mes atrs. La inspectora Amaia Salazar dirige la investigacin, la cual le llevar ', 0, 0),
(11, 'muralla.jpg', 'La gran muralla', 'https://www.youtube.com/embed/Vv1bF_djMAY', 'Ttulo original\r\nThe Great Wallaka \r\nAo\r\n2016\r\nDuracin\r\n92 min.\r\nPas\r\nChina China\r\nDirector\r\nZhang Yimou\r\nGuion\r\nTony Gilroy, Carlo Bernard, Doug Miro (Historia: Max Brooks, Edward Zwick, Marshall Herskovitz)\r\nMsica\r\nRamin Djawadi\r\nFotografa\r\nStuart D', 'China, siglo XV. Un mercenario ingls (Matt Damon) y otro espaol (Pedro Pascal) son testigos del misterio que rodea a la construccin de la Gran Muralla China; ambos descubrirn que no se construy para mantener alejados a los mongoles, sino para algo ms', 0, 0),
(12, 'cantabrico.jpg', 'Cantabrico', 'https://www.youtube.com/embed/7I5urHr43o0', 'Ttulo original\r\nCantbrico (Los dominios del oso pardo)\r\nAo\r\n2017\r\nDuracin\r\n101 min.\r\nPas\r\nEspaa Espaa\r\nDirector\r\nJoaqun Gutirrez Acha\r\nGuion\r\nJoaqun Gutirrez Acha\r\nMsica\r\nPablo Martn Caminero\r\nFotografa\r\nJoaqun Gutirrez Acha', 'Km. como si se tratara de una gran muralla paralela a la costa del Mar Cantbrico. En su otra cara, la cordillera Cantbrica est repleta de caones y bosques. Gracias a la influencia del mar y las elevadas precipitaciones, se ha originado una amplia veget', 0, 0),
(13, 'bat.jpg', 'Lego Batman', 'https://www.youtube.com/embed/nY42RllYdIU', 'Ttulo original\r\nThe LEGO Batman Movie\r\nAo\r\n2017\r\nDuracin\r\n104 min.\r\nPas\r\nEstados Unidos Estados Unidos\r\nDirector\r\nChris McKay\r\nGuion\r\nSeth Grahame-Smith, Chris McKenna, Erik Sommers, Jared Stern, John Whittington\r\nMsica\r\nLorne Balfe\r\nFotografa\r\nAnima', 'Spin-off de \"La LEGO Pelcula\", protagonizado por Batman. En esta ocasin, el irreverente Batman, que tambin tiene algo de artista frustrado, intentar salvar la ciudad de Gotham de un peligroso villano, el Joker. Pero no podr hacerlo solo, y tendr que ', 0, 0),
(14, 'power.jpg', 'Power Rangers ', 'https://www.youtube.com/embed/5kIe6UZHSXw', 'Power Rangers\r\nAo\r\n2017\r\nDuracin\r\n123 min.\r\nPas\r\nEstados Unidos Estados Unidos\r\nDirector\r\nDean Israelite\r\nGuion\r\nJohn Gatins\r\nMsica\r\nBrian Tyler\r\nFotografa\r\nMatthew J. Lloyd', 'La pelcula sigue a cinco jvenes predestinados a convertirse en algo extraordinario cuando descubren que tanto su modesto poblado, Angel Grove, como el resto del mundo, estn al borde de la aniquilacin por una amenaza aliengena. Nuestros hroes descubre', 0, 0),
(15, 'babyb.jpg', 'EL BEB JEFAZO', 'https://www.youtube.com/embed/_qLryRS71BY', 'tulo original\r\nThe Boss Baby\r\nAo\r\n2017\r\nDuracin\r\n97 min.\r\nPas\r\nEstados Unidos Estados Unidos\r\nDirector\r\nTom McGrath\r\nGuion\r\nMichael McCullers (Libro: Marla Frazee)\r\nMsica\r\nSteve Mazzaro, Hans Zimmer\r\nFotografa\r\nAnimation', 'Tim es un nio de 7 aos que tiene los mejores padres del mundo. Su vida es perfecta hasta que un fatdico da todo cambia de forma radical. El motivo? Ya no sern solo tres en la familia, porque ha llegado su nuevo hermanito, un adorable beb, que hace q', 0, 0),
(16, 'memp.jpg', 'Maana empieza todo', 'https://www.youtube.com/embed/0I3Jr-b0G_Y', 'Ttulo original\r\nDemain tout commence\r\nAo\r\n2016\r\nDuracin\r\n115 min.\r\nPas\r\nFrancia Francia\r\nDirector\r\nHugo Glin\r\nGuion\r\nHugo Glin, Mathieu Oullion, Jean-Andr Yerles (Historia: Guillermo Ros, Leticia Lpez Margalli, Eugenio Derbez)\r\nMsica\r\nRob Simonse', 'Samuel vive la vida sin responsabilidades en la playa en el sur de Francia. Hasta que un da, una de sus antiguos amores le deja en los brazos a un beb de pocos meses, Gloria: su hija. Incapaz de cuidar de un beb y decidido a devolverle la nia a su madr', 0, 0),
(17, 'rey.jpg', 'De la nada surge un rey', 'https://www.youtube.com/embed/t0lBYhhSqYE', 'Ttulo original\r\nKing Arthur: Legend of the Swordaka \r\nAo\r\n2017\r\nDuracin\r\n120 min.\r\nPas\r\nEstados Unidos Estados Unidos\r\nDirector\r\nGuy Ritchie\r\nGuion\r\nJoby Harold, Guy Ritchie, Lionel Wigram (Historia: David Dobkin, Joby Harold)\r\nMsica\r\nDaniel Pemberton', 'Arturo es un joven intrpido que dirige a su pandilla por los callejones de Londonium. Tras sacar la espada de Excalibur, se ver obligado a tomar algunas duras decisiones. Junto a una misteriosa mujer llamada Guinevere, deber aprender a manejar la espada', 1, 0),
(18, 'gits.jpg', 'Ghost in the shell', 'https://www.youtube.com/embed/8nfFMf6Hg9A', 'Ttulo original\r\nGhost in the Shellaka \r\nAo\r\n2017\r\nDuracin\r\n107 min.\r\nPas\r\nEstados Unidos Estados Unidos\r\nDirector\r\nRupert Sanders\r\nGuion\r\nWilliam Wheeler (Manga: Masamune Shirow)\r\nMsica\r\nClint Mansell, Lorne Balfe\r\nFotografa\r\nJess Hall', 'En un japn futurista la joven Motoko Kusanagi (Scarlett Johansson), tambin conocida como \'the Major\' Mira Killian, es la lder de grupo operativo de lite, Seccin 9, cuyo objetivo es luchar contra el ciberterrorismo y los crmenes tecnolgicos. Al mando', 1, 0),
(19, 'GGvol2.jpg', 'Guardianes de la galaxia v2', 'https://www.youtube.com/embed/12gvJgLE4us', 'Ttulo original\r\nGuardians of the Galaxy Vol. 2aka \r\nAo\r\n2017\r\nDuracin\r\n137 min.\r\nPas\r\nEstados Unidos Estados Unidos\r\nDirector\r\nJames Gunn\r\nGuion\r\nJames Gunn (Cmic: Dan Abnett, Andy Lanning)\r\nMsica\r\nTyler Bates\r\nFotografa\r\nHenry Braham', 'Continan las aventuras del equipo en su travesa por los confines del cosmos. Los Guardianes debern luchar para mantener unida a su nueva familia mientras intentan resolver el misterio de los verdaderos orgenes de Peter Quill. Viejos rivales se converti', 1, 0),
(20, 'ww.jpg', 'Wonder woman', 'https://www.youtube.com/embed/VSB4wGIdDwo', 'Ttulo original\r\nWonder Womanaka \r\nAo\r\n2017\r\nDuracin\r\n141 min.\r\nPas\r\nEstados Unidos Estados Unidos\r\nDirector\r\nPatty Jenkins\r\nGuion\r\nAllan Heinberg (Historia: Zack Snyder, Allan Heinberg, Jason Fuchs; Personajes: William M. Marston)\r\nMsica\r\nRupert Gregs', 'Antes de ser Wonder Woman (Gal Gadot) era Diana, princesa de las Amazonas entrenada para ser una guerrera invencible. Diana ha sido criada en una isla paradisaca protegida. Hasta que un da un piloto americano (Chris Pine) que tiene un accidente y acaba e', 1, 0),
(21, 'jl.jpg', 'United', 'https://www.youtube.com/embed/OiAmnKUaNmc', 'Ttulo original\r\nJustice League\r\nAo\r\n2017\r\nPas\r\nEstados Unidos Estados Unidos\r\nDirector\r\nZack Snyder,  Joss Whedon\r\nGuion\r\nChris Terrio, David S. Goyer (Creador: Gardner Fox)\r\nMsica\r\nJunkie XL\r\nFotografa\r\nFabian Wagner\r\n', 'Motivado por la fe que haba recuperado en la humanidad e inspirado por la accin altruista de Superman, Bruce Wayne recluta la ayuda de su nueva aliada, Diana Prince, para enfrentarse a un enemigo an mayor. Juntos, Batman y Wonder Woman se mueven rpidam', 1, 0),
(22, 'swviii.jpg', 'Star Wars episode VIII', 'https://www.youtube.com/embed/vvjOTLQ1nSQ', 'Ttulo original\r\nStar Wars: The Last Jediaka \r\nAo\r\n2017\r\nPas\r\nEstados Unidos Estados Unidos\r\nDirector\r\nRian Johnson\r\nGuion\r\nRian Johnson (Personajes: George Lucas)\r\nMsica\r\nJohn Williams\r\nFotografa\r\nSteve Yedlin', 'Octavo episodio de la saga. Continuar la historia de Luke Skywalker, Rey y Finn en su lucha contra la Primera Orden. (FILMAFFINITY)', 1, 0);

-- --------------------------------------------------------

--
-- Table structure for table `promocion`
--

CREATE TABLE `promocion` (
  `id` int(11) NOT NULL,
  `valor` decimal(10,0) NOT NULL,
  `porcentaje` decimal(10,0) NOT NULL,
  `nombre` varchar(200) COLLATE utf8mb4_spanish_ci NOT NULL,
  `descripcion` text COLLATE utf8mb4_spanish_ci NOT NULL,
  `nombreFoto` varchar(200) COLLATE utf8mb4_spanish_ci NOT NULL,
  `activo` tinyint(1) NOT NULL
) ENGINE=InnoDB DEFAULT CHARSET=utf8mb4 COLLATE=utf8mb4_spanish_ci;

-- --------------------------------------------------------

--
-- Table structure for table `roles`
--

CREATE TABLE `roles` (
  `id` int(11) NOT NULL,
  `nombre` varchar(15) COLLATE utf8mb4_spanish_ci NOT NULL
) ENGINE=InnoDB DEFAULT CHARSET=utf8mb4 COLLATE=utf8mb4_spanish_ci;

--
-- Dumping data for table `roles`
--

INSERT INTO `roles` (`id`, `nombre`) VALUES
(1, 'user'),
(2, 'admin');

-- --------------------------------------------------------

--
-- Table structure for table `rolesusuario`
--

CREATE TABLE `rolesusuario` (
  `usuario` int(11) NOT NULL,
  `rol` int(11) NOT NULL
) ENGINE=InnoDB DEFAULT CHARSET=utf8mb4 COLLATE=utf8mb4_spanish_ci;

--
-- Dumping data for table `rolesusuario`
--

INSERT INTO `rolesusuario` (`usuario`, `rol`) VALUES
(1, 1),
(2, 1),
(2, 2),
(7, 1);

-- --------------------------------------------------------

--
-- Table structure for table `sala`
--

CREATE TABLE `sala` (
  `id` int(11) NOT NULL,
  `idCine` int(11) NOT NULL,
  `numSala` int(11) NOT NULL
) ENGINE=InnoDB DEFAULT CHARSET=utf8mb4 COLLATE=utf8mb4_spanish_ci;

--
-- Dumping data for table `sala`
--

INSERT INTO `sala` (`id`, `idCine`, `numSala`) VALUES
(1, 1, 1),
(2, 1, 2),
(3, 1, 3),
(4, 1, 4),
(5, 1, 5),
(6, 2, 1),
(7, 2, 2),
(8, 2, 3),
(9, 2, 4),
(10, 2, 5),
(11, 3, 1),
(12, 3, 2),
(13, 3, 3),
(14, 3, 4),
(15, 3, 5),
(16, 4, 1),
(17, 4, 2),
(18, 4, 3),
(19, 4, 4),
(20, 4, 5),
(21, 5, 1),
(22, 5, 2),
(23, 5, 3),
(24, 5, 4),
(25, 5, 5);

-- --------------------------------------------------------

--
-- Table structure for table `usuarios`
--

CREATE TABLE `usuarios` (
  `id` int(11) NOT NULL,
  `username` varchar(30) COLLATE utf8mb4_spanish_ci NOT NULL,
  `password` varchar(70) COLLATE utf8mb4_spanish_ci NOT NULL,
  `nombre` varchar(60) COLLATE utf8mb4_spanish_ci NOT NULL,
  `apellidos` varchar(60) COLLATE utf8mb4_spanish_ci NOT NULL,
  `tlf` int(32) NOT NULL,
  `correoAlternativo` varchar(60) COLLATE utf8mb4_spanish_ci NOT NULL,
  `nombreFoto` varchar(60) COLLATE utf8mb4_spanish_ci NOT NULL DEFAULT 'pic.jpg',
  `activo` tinyint(1) NOT NULL DEFAULT '1'
) ENGINE=InnoDB DEFAULT CHARSET=utf8mb4 COLLATE=utf8mb4_spanish_ci;

--
-- Dumping data for table `usuarios`
--

INSERT INTO `usuarios` (`id`, `username`, `password`, `nombre`, `apellidos`, `tlf`, `correoAlternativo`, `nombreFoto`, `activo`) VALUES
(1, 'user@example.org', '$2y$10$0eR.KhfTH5ybn/jlB86hwe/1nQeCKXk2RcLEjBscJbpUaF504kSOi', 'aa', 'aa', 123, '', 'pic.jpg', 1),
(2, 'admin@example.org', '$2y$10$0eR.KhfTH5ybn/jlB86hwe/1nQeCKXk2RcLEjBscJbpUaF504kSOi', '', '', 0, '', 'pic.jpg', 1),
(7, 'wilortiz@ucm.es', '$2y$10$11okZYT50Pm2xG1BERxL8.RC5t.pBTraDetpqgWZOt6XgBwFTidA.', 'andresaurio', 'ortiz', 1231231, 'andreswauu@gmail.com', 'pic.jpg', 1);

--
-- Indexes for dumped tables
--

--
-- Indexes for table `butaca`
--
ALTER TABLE `butaca`
  ADD PRIMARY KEY (`id`),
  ADD KEY `fk_id_sala` (`idSala`);

--
-- Indexes for table `butacas_en_sesion`
--
ALTER TABLE `butacas_en_sesion`
  ADD PRIMARY KEY (`id`);

--
-- Indexes for table `cine`
--
ALTER TABLE `cine`
  ADD PRIMARY KEY (`id`);

--
-- Indexes for table `compra`
--
ALTER TABLE `compra`
  ADD PRIMARY KEY (`id`);

--
-- Indexes for table `funcion`
--
ALTER TABLE `funcion`
  ADD PRIMARY KEY (`id`),
  ADD KEY `fk_id_pelicula` (`id_pelicula`);

--
-- Indexes for table `pelicula`
--
ALTER TABLE `pelicula`
  ADD PRIMARY KEY (`id`);

--
-- Indexes for table `promocion`
--
ALTER TABLE `promocion`
  ADD PRIMARY KEY (`id`);

--
-- Indexes for table `roles`
--
ALTER TABLE `roles`
  ADD PRIMARY KEY (`id`);

--
-- Indexes for table `rolesusuario`
--
ALTER TABLE `rolesusuario`
  ADD PRIMARY KEY (`usuario`,`rol`),
  ADD KEY `rol` (`rol`);

--
-- Indexes for table `sala`
--
ALTER TABLE `sala`
  ADD PRIMARY KEY (`id`),
  ADD KEY `fk_id_cine` (`idCine`);

--
-- Indexes for table `usuarios`
--
ALTER TABLE `usuarios`
  ADD PRIMARY KEY (`id`);

--
-- AUTO_INCREMENT for dumped tables
--

--
-- AUTO_INCREMENT for table `butaca`
--
ALTER TABLE `butaca`
  MODIFY `id` int(11) NOT NULL AUTO_INCREMENT, AUTO_INCREMENT=241;
--
-- AUTO_INCREMENT for table `butacas_en_sesion`
--
ALTER TABLE `butacas_en_sesion`
  MODIFY `id` int(11) NOT NULL AUTO_INCREMENT;
--
-- AUTO_INCREMENT for table `cine`
--
ALTER TABLE `cine`
  MODIFY `id` int(11) NOT NULL AUTO_INCREMENT, AUTO_INCREMENT=6;
--
-- AUTO_INCREMENT for table `funcion`
--
ALTER TABLE `funcion`
  MODIFY `id` int(11) NOT NULL AUTO_INCREMENT, AUTO_INCREMENT=1652;
--
-- AUTO_INCREMENT for table `pelicula`
--
ALTER TABLE `pelicula`
  MODIFY `id` int(11) NOT NULL AUTO_INCREMENT, AUTO_INCREMENT=23;
--
-- AUTO_INCREMENT for table `roles`
--
ALTER TABLE `roles`
  MODIFY `id` int(11) NOT NULL AUTO_INCREMENT, AUTO_INCREMENT=3;
--
-- AUTO_INCREMENT for table `sala`
--
ALTER TABLE `sala`
  MODIFY `id` int(11) NOT NULL AUTO_INCREMENT, AUTO_INCREMENT=26;
--
-- AUTO_INCREMENT for table `usuarios`
--
ALTER TABLE `usuarios`
  MODIFY `id` int(11) NOT NULL AUTO_INCREMENT, AUTO_INCREMENT=8;
--
-- Constraints for dumped tables
--

--
-- Constraints for table `butaca`
--
ALTER TABLE `butaca`
  ADD CONSTRAINT `fk_id_sala` FOREIGN KEY (`idSala`) REFERENCES `sala` (`id`) ON DELETE CASCADE ON UPDATE CASCADE;

--
-- Constraints for table `funcion`
--
ALTER TABLE `funcion`
  ADD CONSTRAINT `fk_id_pelicula` FOREIGN KEY (`id_pelicula`) REFERENCES `pelicula` (`id`) ON DELETE CASCADE ON UPDATE CASCADE;

--
-- Constraints for table `sala`
--
ALTER TABLE `sala`
  ADD CONSTRAINT `fk_id_cine` FOREIGN KEY (`idCine`) REFERENCES `cine` (`id`) ON DELETE CASCADE ON UPDATE CASCADE;

/*!40101 SET CHARACTER_SET_CLIENT=@OLD_CHARACTER_SET_CLIENT */;
/*!40101 SET CHARACTER_SET_RESULTS=@OLD_CHARACTER_SET_RESULTS */;
/*!40101 SET COLLATION_CONNECTION=@OLD_COLLATION_CONNECTION */;
