-- phpMyAdmin SQL Dump
-- version 4.6.5.2
-- https://www.phpmyadmin.net/
--
-- Servidor: 127.0.0.1
-- Tiempo de generación: 23-06-2017 a las 17:38:21
-- Versión del servidor: 10.1.21-MariaDB
-- Versión de PHP: 5.6.30

SET SQL_MODE = "NO_AUTO_VALUE_ON_ZERO";
SET time_zone = "+00:00";


/*!40101 SET @OLD_CHARACTER_SET_CLIENT=@@CHARACTER_SET_CLIENT */;
/*!40101 SET @OLD_CHARACTER_SET_RESULTS=@@CHARACTER_SET_RESULTS */;
/*!40101 SET @OLD_COLLATION_CONNECTION=@@COLLATION_CONNECTION */;
/*!40101 SET NAMES utf8mb4 */;

--
-- Base de datos: `prueba`
--

DELIMITER $$
--
-- Procedimientos
--
CREATE DEFINER=`root`@`localhost` PROCEDURE `butaca` (IN `id` INT, IN `i` INT)  NO SQL
BEGIN   
            simple_loop : LOOP
            insert into butaca (butaca.idSala,butaca.numbutaca) VALUES 				(id,i);
            SET i = i+1;
            IF i=49 THEN
                LEAVE simple_loop;
            END IF;
         END LOOP simple_loop;
       
END$$

CREATE DEFINER=`root`@`localhost` PROCEDURE `butacaS` (IN `arg` INT, IN `sesion` INT)  BEGIN   
			declare i int;
            declare limi int;
            set i=(arg-1)*48+1;
            set limi=i+48;
            simple_loop : LOOP
            insert into butacas_en_sesion (id_butaca,id_sesion,activo) VALUES (i,sesion,1);
            SET i = i+1;
            IF i=limi THEN
                LEAVE simple_loop;
            END IF;
         END LOOP simple_loop;
       
END$$

CREATE DEFINER=`root`@`localhost` PROCEDURE `doall` ()  BEGIN
DECLARE done int;
DECLARE a, b int;
DECLARE cur_orgs CURSOR FOR
           SELECT  funcion.id,funcion.id_sala FROM funcion;
           DECLARE CONTINUE HANDLER FOR NOT FOUND SET done = TRUE;
           

open cur_orgs;
read_loop : LOOP
	FETCH cur_orgs INTO a , b;
    IF done THEN
     LEAVE read_loop;
     end if;
    call butacaS(b,a);
    end loop;
    close cur_orgs;
END$$

DELIMITER ;

-- --------------------------------------------------------

--
-- Estructura de tabla para la tabla `butaca`
--

CREATE TABLE `butaca` (
  `id` int(11) NOT NULL,
  `idSala` int(11) NOT NULL,
  `numbutaca` int(11) NOT NULL
) ENGINE=InnoDB DEFAULT CHARSET=utf8 COLLATE=utf8_spanish_ci;

--
-- Volcado de datos para la tabla `butaca`
--

INSERT INTO `butaca` (`id`, `idSala`, `numbutaca`) VALUES
(1, 1, 1),
(2, 1, 2),
(3, 1, 3),
(4, 1, 4),
(5, 1, 5),
(6, 1, 6),
(7, 1, 7),
(8, 1, 8),
(9, 1, 9),
(10, 1, 10),
(11, 1, 11),
(12, 1, 12),
(13, 1, 13),
(14, 1, 14),
(15, 1, 15),
(16, 1, 16),
(17, 1, 17),
(18, 1, 18),
(19, 1, 19),
(20, 1, 20),
(21, 1, 21),
(22, 1, 22),
(23, 1, 23),
(24, 1, 24),
(25, 1, 25),
(26, 1, 26),
(27, 1, 27),
(28, 1, 28),
(29, 1, 29),
(30, 1, 30),
(31, 1, 31),
(32, 1, 32),
(33, 1, 33),
(34, 1, 34),
(35, 1, 35),
(36, 1, 36),
(37, 1, 37),
(38, 1, 38),
(39, 1, 39),
(40, 1, 40),
(41, 1, 41),
(42, 1, 42),
(43, 1, 43),
(44, 1, 44),
(45, 1, 45),
(46, 1, 46),
(47, 1, 47),
(48, 1, 48),
(49, 2, 1),
(50, 2, 2),
(51, 2, 3),
(52, 2, 4),
(53, 2, 5),
(54, 2, 6),
(55, 2, 7),
(56, 2, 8),
(57, 2, 9),
(58, 2, 10),
(59, 2, 11),
(60, 2, 12),
(61, 2, 13),
(62, 2, 14),
(63, 2, 15),
(64, 2, 16),
(65, 2, 17),
(66, 2, 18),
(67, 2, 19),
(68, 2, 20),
(69, 2, 21),
(70, 2, 22),
(71, 2, 23),
(72, 2, 24),
(73, 2, 25),
(74, 2, 26),
(75, 2, 27),
(76, 2, 28),
(77, 2, 29),
(78, 2, 30),
(79, 2, 31),
(80, 2, 32),
(81, 2, 33),
(82, 2, 34),
(83, 2, 35),
(84, 2, 36),
(85, 2, 37),
(86, 2, 38),
(87, 2, 39),
(88, 2, 40),
(89, 2, 41),
(90, 2, 42),
(91, 2, 43),
(92, 2, 44),
(93, 2, 45),
(94, 2, 46),
(95, 2, 47),
(96, 2, 48),
(97, 3, 1),
(98, 3, 2),
(99, 3, 3),
(100, 3, 4),
(101, 3, 5),
(102, 3, 6),
(103, 3, 7),
(104, 3, 8),
(105, 3, 9),
(106, 3, 10),
(107, 3, 11),
(108, 3, 12),
(109, 3, 13),
(110, 3, 14),
(111, 3, 15),
(112, 3, 16),
(113, 3, 17),
(114, 3, 18),
(115, 3, 19),
(116, 3, 20),
(117, 3, 21),
(118, 3, 22),
(119, 3, 23),
(120, 3, 24),
(121, 3, 25),
(122, 3, 26),
(123, 3, 27),
(124, 3, 28),
(125, 3, 29),
(126, 3, 30),
(127, 3, 31),
(128, 3, 32),
(129, 3, 33),
(130, 3, 34),
(131, 3, 35),
(132, 3, 36),
(133, 3, 37),
(134, 3, 38),
(135, 3, 39),
(136, 3, 40),
(137, 3, 41),
(138, 3, 42),
(139, 3, 43),
(140, 3, 44),
(141, 3, 45),
(142, 3, 46),
(143, 3, 47),
(144, 3, 48),
(145, 4, 1),
(146, 4, 2),
(147, 4, 3),
(148, 4, 4),
(149, 4, 5),
(150, 4, 6),
(151, 4, 7),
(152, 4, 8),
(153, 4, 9),
(154, 4, 10),
(155, 4, 11),
(156, 4, 12),
(157, 4, 13),
(158, 4, 14),
(159, 4, 15),
(160, 4, 16),
(161, 4, 17),
(162, 4, 18),
(163, 4, 19),
(164, 4, 20),
(165, 4, 21),
(166, 4, 22),
(167, 4, 23),
(168, 4, 24),
(169, 4, 25),
(170, 4, 26),
(171, 4, 27),
(172, 4, 28),
(173, 4, 29),
(174, 4, 30),
(175, 4, 31),
(176, 4, 32),
(177, 4, 33),
(178, 4, 34),
(179, 4, 35),
(180, 4, 36),
(181, 4, 37),
(182, 4, 38),
(183, 4, 39),
(184, 4, 40),
(185, 4, 41),
(186, 4, 42),
(187, 4, 43),
(188, 4, 44),
(189, 4, 45),
(190, 4, 46),
(191, 4, 47),
(192, 4, 48),
(193, 5, 1),
(194, 5, 2),
(195, 5, 3),
(196, 5, 4),
(197, 5, 5),
(198, 5, 6),
(199, 5, 7),
(200, 5, 8),
(201, 5, 9),
(202, 5, 10),
(203, 5, 11),
(204, 5, 12),
(205, 5, 13),
(206, 5, 14),
(207, 5, 15),
(208, 5, 16),
(209, 5, 17),
(210, 5, 18),
(211, 5, 19),
(212, 5, 20),
(213, 5, 21),
(214, 5, 22),
(215, 5, 23),
(216, 5, 24),
(217, 5, 25),
(218, 5, 26),
(219, 5, 27),
(220, 5, 28),
(221, 5, 29),
(222, 5, 30),
(223, 5, 31),
(224, 5, 32),
(225, 5, 33),
(226, 5, 34),
(227, 5, 35),
(228, 5, 36),
(229, 5, 37),
(230, 5, 38),
(231, 5, 39),
(232, 5, 40),
(233, 5, 41),
(234, 5, 42),
(235, 5, 43),
(236, 5, 44),
(237, 5, 45),
(238, 5, 46),
(239, 5, 47),
(240, 5, 48),
(241, 6, 1),
(242, 6, 2),
(243, 6, 3),
(244, 6, 4),
(245, 6, 5),
(246, 6, 6),
(247, 6, 7),
(248, 6, 8),
(249, 6, 9),
(250, 6, 10),
(251, 6, 11),
(252, 6, 12),
(253, 6, 13),
(254, 6, 14),
(255, 6, 15),
(256, 6, 16),
(257, 6, 17),
(258, 6, 18),
(259, 6, 19),
(260, 6, 20),
(261, 6, 21),
(262, 6, 22),
(263, 6, 23),
(264, 6, 24),
(265, 6, 25),
(266, 6, 26),
(267, 6, 27),
(268, 6, 28),
(269, 6, 29),
(270, 6, 30),
(271, 6, 31),
(272, 6, 32),
(273, 6, 33),
(274, 6, 34),
(275, 6, 35),
(276, 6, 36),
(277, 6, 37),
(278, 6, 38),
(279, 6, 39),
(280, 6, 40),
(281, 6, 41),
(282, 6, 42),
(283, 6, 43),
(284, 6, 44),
(285, 6, 45),
(286, 6, 46),
(287, 6, 47),
(288, 6, 48),
(289, 7, 1),
(290, 7, 2),
(291, 7, 3),
(292, 7, 4),
(293, 7, 5),
(294, 7, 6),
(295, 7, 7),
(296, 7, 8),
(297, 7, 9),
(298, 7, 10),
(299, 7, 11),
(300, 7, 12),
(301, 7, 13),
(302, 7, 14),
(303, 7, 15),
(304, 7, 16),
(305, 7, 17),
(306, 7, 18),
(307, 7, 19),
(308, 7, 20),
(309, 7, 21),
(310, 7, 22),
(311, 7, 23),
(312, 7, 24),
(313, 7, 25),
(314, 7, 26),
(315, 7, 27),
(316, 7, 28),
(317, 7, 29),
(318, 7, 30),
(319, 7, 31),
(320, 7, 32),
(321, 7, 33),
(322, 7, 34),
(323, 7, 35),
(324, 7, 36),
(325, 7, 37),
(326, 7, 38),
(327, 7, 39),
(328, 7, 40),
(329, 7, 41),
(330, 7, 42),
(331, 7, 43),
(332, 7, 44),
(333, 7, 45),
(334, 7, 46),
(335, 7, 47),
(336, 7, 48),
(337, 8, 1),
(338, 8, 2),
(339, 8, 3),
(340, 8, 4),
(341, 8, 5),
(342, 8, 6),
(343, 8, 7),
(344, 8, 8),
(345, 8, 9),
(346, 8, 10),
(347, 8, 11),
(348, 8, 12),
(349, 8, 13),
(350, 8, 14),
(351, 8, 15),
(352, 8, 16),
(353, 8, 17),
(354, 8, 18),
(355, 8, 19),
(356, 8, 20),
(357, 8, 21),
(358, 8, 22),
(359, 8, 23),
(360, 8, 24),
(361, 8, 25),
(362, 8, 26),
(363, 8, 27),
(364, 8, 28),
(365, 8, 29),
(366, 8, 30),
(367, 8, 31),
(368, 8, 32),
(369, 8, 33),
(370, 8, 34),
(371, 8, 35),
(372, 8, 36),
(373, 8, 37),
(374, 8, 38),
(375, 8, 39),
(376, 8, 40),
(377, 8, 41),
(378, 8, 42),
(379, 8, 43),
(380, 8, 44),
(381, 8, 45),
(382, 8, 46),
(383, 8, 47),
(384, 8, 48),
(385, 9, 1),
(386, 9, 2),
(387, 9, 3),
(388, 9, 4),
(389, 9, 5),
(390, 9, 6),
(391, 9, 7),
(392, 9, 8),
(393, 9, 9),
(394, 9, 10),
(395, 9, 11),
(396, 9, 12),
(397, 9, 13),
(398, 9, 14),
(399, 9, 15),
(400, 9, 16),
(401, 9, 17),
(402, 9, 18),
(403, 9, 19),
(404, 9, 20),
(405, 9, 21),
(406, 9, 22),
(407, 9, 23),
(408, 9, 24),
(409, 9, 25),
(410, 9, 26),
(411, 9, 27),
(412, 9, 28),
(413, 9, 29),
(414, 9, 30),
(415, 9, 31),
(416, 9, 32),
(417, 9, 33),
(418, 9, 34),
(419, 9, 35),
(420, 9, 36),
(421, 9, 37),
(422, 9, 38),
(423, 9, 39),
(424, 9, 40),
(425, 9, 41),
(426, 9, 42),
(427, 9, 43),
(428, 9, 44),
(429, 9, 45),
(430, 9, 46),
(431, 9, 47),
(432, 9, 48),
(433, 10, 1),
(434, 10, 2),
(435, 10, 3),
(436, 10, 4),
(437, 10, 5),
(438, 10, 6),
(439, 10, 7),
(440, 10, 8),
(441, 10, 9),
(442, 10, 10),
(443, 10, 11),
(444, 10, 12),
(445, 10, 13),
(446, 10, 14),
(447, 10, 15),
(448, 10, 16),
(449, 10, 17),
(450, 10, 18),
(451, 10, 19),
(452, 10, 20),
(453, 10, 21),
(454, 10, 22),
(455, 10, 23),
(456, 10, 24),
(457, 10, 25),
(458, 10, 26),
(459, 10, 27),
(460, 10, 28),
(461, 10, 29),
(462, 10, 30),
(463, 10, 31),
(464, 10, 32),
(465, 10, 33),
(466, 10, 34),
(467, 10, 35),
(468, 10, 36),
(469, 10, 37),
(470, 10, 38),
(471, 10, 39),
(472, 10, 40),
(473, 10, 41),
(474, 10, 42),
(475, 10, 43),
(476, 10, 44),
(477, 10, 45),
(478, 10, 46),
(479, 10, 47),
(480, 10, 48),
(481, 11, 1),
(482, 11, 2),
(483, 11, 3),
(484, 11, 4),
(485, 11, 5),
(486, 11, 6),
(487, 11, 7),
(488, 11, 8),
(489, 11, 9),
(490, 11, 10),
(491, 11, 11),
(492, 11, 12),
(493, 11, 13),
(494, 11, 14),
(495, 11, 15),
(496, 11, 16),
(497, 11, 17),
(498, 11, 18),
(499, 11, 19),
(500, 11, 20),
(501, 11, 21),
(502, 11, 22),
(503, 11, 23),
(504, 11, 24),
(505, 11, 25),
(506, 11, 26),
(507, 11, 27),
(508, 11, 28),
(509, 11, 29),
(510, 11, 30),
(511, 11, 31),
(512, 11, 32),
(513, 11, 33),
(514, 11, 34),
(515, 11, 35),
(516, 11, 36),
(517, 11, 37),
(518, 11, 38),
(519, 11, 39),
(520, 11, 40),
(521, 11, 41),
(522, 11, 42),
(523, 11, 43),
(524, 11, 44),
(525, 11, 45),
(526, 11, 46),
(527, 11, 47),
(528, 11, 48),
(529, 12, 1),
(530, 12, 2),
(531, 12, 3),
(532, 12, 4),
(533, 12, 5),
(534, 12, 6),
(535, 12, 7),
(536, 12, 8),
(537, 12, 9),
(538, 12, 10),
(539, 12, 11),
(540, 12, 12),
(541, 12, 13),
(542, 12, 14),
(543, 12, 15),
(544, 12, 16),
(545, 12, 17),
(546, 12, 18),
(547, 12, 19),
(548, 12, 20),
(549, 12, 21),
(550, 12, 22),
(551, 12, 23),
(552, 12, 24),
(553, 12, 25),
(554, 12, 26),
(555, 12, 27),
(556, 12, 28),
(557, 12, 29),
(558, 12, 30),
(559, 12, 31),
(560, 12, 32),
(561, 12, 33),
(562, 12, 34),
(563, 12, 35),
(564, 12, 36),
(565, 12, 37),
(566, 12, 38),
(567, 12, 39),
(568, 12, 40),
(569, 12, 41),
(570, 12, 42),
(571, 12, 43),
(572, 12, 44),
(573, 12, 45),
(574, 12, 46),
(575, 12, 47),
(576, 12, 48),
(577, 13, 1),
(578, 13, 2),
(579, 13, 3),
(580, 13, 4),
(581, 13, 5),
(582, 13, 6),
(583, 13, 7),
(584, 13, 8),
(585, 13, 9),
(586, 13, 10),
(587, 13, 11),
(588, 13, 12),
(589, 13, 13),
(590, 13, 14),
(591, 13, 15),
(592, 13, 16),
(593, 13, 17),
(594, 13, 18),
(595, 13, 19),
(596, 13, 20),
(597, 13, 21),
(598, 13, 22),
(599, 13, 23),
(600, 13, 24),
(601, 13, 25),
(602, 13, 26),
(603, 13, 27),
(604, 13, 28),
(605, 13, 29),
(606, 13, 30),
(607, 13, 31),
(608, 13, 32),
(609, 13, 33),
(610, 13, 34),
(611, 13, 35),
(612, 13, 36),
(613, 13, 37),
(614, 13, 38),
(615, 13, 39),
(616, 13, 40),
(617, 13, 41),
(618, 13, 42),
(619, 13, 43),
(620, 13, 44),
(621, 13, 45),
(622, 13, 46),
(623, 13, 47),
(624, 13, 48),
(625, 14, 1),
(626, 14, 2),
(627, 14, 3),
(628, 14, 4),
(629, 14, 5),
(630, 14, 6),
(631, 14, 7),
(632, 14, 8),
(633, 14, 9),
(634, 14, 10),
(635, 14, 11),
(636, 14, 12),
(637, 14, 13),
(638, 14, 14),
(639, 14, 15),
(640, 14, 16),
(641, 14, 17),
(642, 14, 18),
(643, 14, 19),
(644, 14, 20),
(645, 14, 21),
(646, 14, 22),
(647, 14, 23),
(648, 14, 24),
(649, 14, 25),
(650, 14, 26),
(651, 14, 27),
(652, 14, 28),
(653, 14, 29),
(654, 14, 30),
(655, 14, 31),
(656, 14, 32),
(657, 14, 33),
(658, 14, 34),
(659, 14, 35),
(660, 14, 36),
(661, 14, 37),
(662, 14, 38),
(663, 14, 39),
(664, 14, 40),
(665, 14, 41),
(666, 14, 42),
(667, 14, 43),
(668, 14, 44),
(669, 14, 45),
(670, 14, 46),
(671, 14, 47),
(672, 14, 48),
(673, 15, 1),
(674, 15, 2),
(675, 15, 3),
(676, 15, 4),
(677, 15, 5),
(678, 15, 6),
(679, 15, 7),
(680, 15, 8),
(681, 15, 9),
(682, 15, 10),
(683, 15, 11),
(684, 15, 12),
(685, 15, 13),
(686, 15, 14),
(687, 15, 15),
(688, 15, 16),
(689, 15, 17),
(690, 15, 18),
(691, 15, 19),
(692, 15, 20),
(693, 15, 21),
(694, 15, 22),
(695, 15, 23),
(696, 15, 24),
(697, 15, 25),
(698, 15, 26),
(699, 15, 27),
(700, 15, 28),
(701, 15, 29),
(702, 15, 30),
(703, 15, 31),
(704, 15, 32),
(705, 15, 33),
(706, 15, 34),
(707, 15, 35),
(708, 15, 36),
(709, 15, 37),
(710, 15, 38),
(711, 15, 39),
(712, 15, 40),
(713, 15, 41),
(714, 15, 42),
(715, 15, 43),
(716, 15, 44),
(717, 15, 45),
(718, 15, 46),
(719, 15, 47),
(720, 15, 48),
(721, 16, 1),
(722, 16, 2),
(723, 16, 3),
(724, 16, 4),
(725, 16, 5),
(726, 16, 6),
(727, 16, 7),
(728, 16, 8),
(729, 16, 9),
(730, 16, 10),
(731, 16, 11),
(732, 16, 12),
(733, 16, 13),
(734, 16, 14),
(735, 16, 15),
(736, 16, 16),
(737, 16, 17),
(738, 16, 18),
(739, 16, 19),
(740, 16, 20),
(741, 16, 21),
(742, 16, 22),
(743, 16, 23),
(744, 16, 24),
(745, 16, 25),
(746, 16, 26),
(747, 16, 27),
(748, 16, 28),
(749, 16, 29),
(750, 16, 30),
(751, 16, 31),
(752, 16, 32),
(753, 16, 33),
(754, 16, 34),
(755, 16, 35),
(756, 16, 36),
(757, 16, 37),
(758, 16, 38),
(759, 16, 39),
(760, 16, 40),
(761, 16, 41),
(762, 16, 42),
(763, 16, 43),
(764, 16, 44),
(765, 16, 45),
(766, 16, 46),
(767, 16, 47),
(768, 16, 48),
(769, 17, 1),
(770, 17, 2),
(771, 17, 3),
(772, 17, 4),
(773, 17, 5),
(774, 17, 6),
(775, 17, 7),
(776, 17, 8),
(777, 17, 9),
(778, 17, 10),
(779, 17, 11),
(780, 17, 12),
(781, 17, 13),
(782, 17, 14),
(783, 17, 15),
(784, 17, 16),
(785, 17, 17),
(786, 17, 18),
(787, 17, 19),
(788, 17, 20),
(789, 17, 21),
(790, 17, 22),
(791, 17, 23),
(792, 17, 24),
(793, 17, 25),
(794, 17, 26),
(795, 17, 27),
(796, 17, 28),
(797, 17, 29),
(798, 17, 30),
(799, 17, 31),
(800, 17, 32),
(801, 17, 33),
(802, 17, 34),
(803, 17, 35),
(804, 17, 36),
(805, 17, 37),
(806, 17, 38),
(807, 17, 39),
(808, 17, 40),
(809, 17, 41),
(810, 17, 42),
(811, 17, 43),
(812, 17, 44),
(813, 17, 45),
(814, 17, 46),
(815, 17, 47),
(816, 17, 48),
(817, 18, 1),
(818, 18, 2),
(819, 18, 3),
(820, 18, 4),
(821, 18, 5),
(822, 18, 6),
(823, 18, 7),
(824, 18, 8),
(825, 18, 9),
(826, 18, 10),
(827, 18, 11),
(828, 18, 12),
(829, 18, 13),
(830, 18, 14),
(831, 18, 15),
(832, 18, 16),
(833, 18, 17),
(834, 18, 18),
(835, 18, 19),
(836, 18, 20),
(837, 18, 21),
(838, 18, 22),
(839, 18, 23),
(840, 18, 24),
(841, 18, 25),
(842, 18, 26),
(843, 18, 27),
(844, 18, 28),
(845, 18, 29),
(846, 18, 30),
(847, 18, 31),
(848, 18, 32),
(849, 18, 33),
(850, 18, 34),
(851, 18, 35),
(852, 18, 36),
(853, 18, 37),
(854, 18, 38),
(855, 18, 39),
(856, 18, 40),
(857, 18, 41),
(858, 18, 42),
(859, 18, 43),
(860, 18, 44),
(861, 18, 45),
(862, 18, 46),
(863, 18, 47),
(864, 18, 48),
(865, 19, 1),
(866, 19, 2),
(867, 19, 3),
(868, 19, 4),
(869, 19, 5),
(870, 19, 6),
(871, 19, 7),
(872, 19, 8),
(873, 19, 9),
(874, 19, 10),
(875, 19, 11),
(876, 19, 12),
(877, 19, 13),
(878, 19, 14),
(879, 19, 15),
(880, 19, 16),
(881, 19, 17),
(882, 19, 18),
(883, 19, 19),
(884, 19, 20),
(885, 19, 21),
(886, 19, 22),
(887, 19, 23),
(888, 19, 24),
(889, 19, 25),
(890, 19, 26),
(891, 19, 27),
(892, 19, 28),
(893, 19, 29),
(894, 19, 30),
(895, 19, 31),
(896, 19, 32),
(897, 19, 33),
(898, 19, 34),
(899, 19, 35),
(900, 19, 36),
(901, 19, 37),
(902, 19, 38),
(903, 19, 39),
(904, 19, 40),
(905, 19, 41),
(906, 19, 42),
(907, 19, 43),
(908, 19, 44),
(909, 19, 45),
(910, 19, 46),
(911, 19, 47),
(912, 19, 48),
(913, 20, 1),
(914, 20, 2),
(915, 20, 3),
(916, 20, 4),
(917, 20, 5),
(918, 20, 6),
(919, 20, 7),
(920, 20, 8),
(921, 20, 9),
(922, 20, 10),
(923, 20, 11),
(924, 20, 12),
(925, 20, 13),
(926, 20, 14),
(927, 20, 15),
(928, 20, 16),
(929, 20, 17),
(930, 20, 18),
(931, 20, 19),
(932, 20, 20),
(933, 20, 21),
(934, 20, 22),
(935, 20, 23),
(936, 20, 24),
(937, 20, 25),
(938, 20, 26),
(939, 20, 27),
(940, 20, 28),
(941, 20, 29),
(942, 20, 30),
(943, 20, 31),
(944, 20, 32),
(945, 20, 33),
(946, 20, 34),
(947, 20, 35),
(948, 20, 36),
(949, 20, 37),
(950, 20, 38),
(951, 20, 39),
(952, 20, 40),
(953, 20, 41),
(954, 20, 42),
(955, 20, 43),
(956, 20, 44),
(957, 20, 45),
(958, 20, 46),
(959, 20, 47),
(960, 20, 48),
(961, 21, 1),
(962, 21, 2),
(963, 21, 3),
(964, 21, 4),
(965, 21, 5),
(966, 21, 6),
(967, 21, 7),
(968, 21, 8),
(969, 21, 9),
(970, 21, 10),
(971, 21, 11),
(972, 21, 12),
(973, 21, 13),
(974, 21, 14),
(975, 21, 15),
(976, 21, 16),
(977, 21, 17),
(978, 21, 18),
(979, 21, 19),
(980, 21, 20),
(981, 21, 21),
(982, 21, 22),
(983, 21, 23),
(984, 21, 24),
(985, 21, 25),
(986, 21, 26),
(987, 21, 27),
(988, 21, 28),
(989, 21, 29),
(990, 21, 30),
(991, 21, 31),
(992, 21, 32),
(993, 21, 33),
(994, 21, 34),
(995, 21, 35),
(996, 21, 36),
(997, 21, 37),
(998, 21, 38),
(999, 21, 39),
(1000, 21, 40),
(1001, 21, 41),
(1002, 21, 42),
(1003, 21, 43),
(1004, 21, 44),
(1005, 21, 45),
(1006, 21, 46),
(1007, 21, 47),
(1008, 21, 48),
(1009, 22, 1),
(1010, 22, 2),
(1011, 22, 3),
(1012, 22, 4),
(1013, 22, 5),
(1014, 22, 6),
(1015, 22, 7),
(1016, 22, 8),
(1017, 22, 9),
(1018, 22, 10),
(1019, 22, 11),
(1020, 22, 12),
(1021, 22, 13),
(1022, 22, 14),
(1023, 22, 15),
(1024, 22, 16),
(1025, 22, 17),
(1026, 22, 18),
(1027, 22, 19),
(1028, 22, 20),
(1029, 22, 21),
(1030, 22, 22),
(1031, 22, 23),
(1032, 22, 24),
(1033, 22, 25),
(1034, 22, 26),
(1035, 22, 27),
(1036, 22, 28),
(1037, 22, 29),
(1038, 22, 30),
(1039, 22, 31),
(1040, 22, 32),
(1041, 22, 33),
(1042, 22, 34),
(1043, 22, 35),
(1044, 22, 36),
(1045, 22, 37),
(1046, 22, 38),
(1047, 22, 39),
(1048, 22, 40),
(1049, 22, 41),
(1050, 22, 42),
(1051, 22, 43),
(1052, 22, 44),
(1053, 22, 45),
(1054, 22, 46),
(1055, 22, 47),
(1056, 22, 48),
(1057, 23, 1),
(1058, 23, 2),
(1059, 23, 3),
(1060, 23, 4),
(1061, 23, 5),
(1062, 23, 6),
(1063, 23, 7),
(1064, 23, 8),
(1065, 23, 9),
(1066, 23, 10),
(1067, 23, 11),
(1068, 23, 12),
(1069, 23, 13),
(1070, 23, 14),
(1071, 23, 15),
(1072, 23, 16),
(1073, 23, 17),
(1074, 23, 18),
(1075, 23, 19),
(1076, 23, 20),
(1077, 23, 21),
(1078, 23, 22),
(1079, 23, 23),
(1080, 23, 24),
(1081, 23, 25),
(1082, 23, 26),
(1083, 23, 27),
(1084, 23, 28),
(1085, 23, 29),
(1086, 23, 30),
(1087, 23, 31),
(1088, 23, 32),
(1089, 23, 33),
(1090, 23, 34),
(1091, 23, 35),
(1092, 23, 36),
(1093, 23, 37),
(1094, 23, 38),
(1095, 23, 39),
(1096, 23, 40),
(1097, 23, 41),
(1098, 23, 42),
(1099, 23, 43),
(1100, 23, 44),
(1101, 23, 45),
(1102, 23, 46),
(1103, 23, 47),
(1104, 23, 48),
(1105, 24, 1),
(1106, 24, 2),
(1107, 24, 3),
(1108, 24, 4),
(1109, 24, 5),
(1110, 24, 6),
(1111, 24, 7),
(1112, 24, 8),
(1113, 24, 9),
(1114, 24, 10),
(1115, 24, 11),
(1116, 24, 12),
(1117, 24, 13),
(1118, 24, 14),
(1119, 24, 15),
(1120, 24, 16),
(1121, 24, 17),
(1122, 24, 18),
(1123, 24, 19),
(1124, 24, 20),
(1125, 24, 21),
(1126, 24, 22),
(1127, 24, 23),
(1128, 24, 24),
(1129, 24, 25),
(1130, 24, 26),
(1131, 24, 27),
(1132, 24, 28),
(1133, 24, 29),
(1134, 24, 30),
(1135, 24, 31),
(1136, 24, 32),
(1137, 24, 33),
(1138, 24, 34),
(1139, 24, 35),
(1140, 24, 36),
(1141, 24, 37),
(1142, 24, 38),
(1143, 24, 39),
(1144, 24, 40),
(1145, 24, 41),
(1146, 24, 42),
(1147, 24, 43),
(1148, 24, 44),
(1149, 24, 45),
(1150, 24, 46),
(1151, 24, 47),
(1152, 24, 48),
(1153, 25, 1),
(1154, 25, 2),
(1155, 25, 3),
(1156, 25, 4),
(1157, 25, 5),
(1158, 25, 6),
(1159, 25, 7),
(1160, 25, 8),
(1161, 25, 9),
(1162, 25, 10),
(1163, 25, 11),
(1164, 25, 12),
(1165, 25, 13),
(1166, 25, 14),
(1167, 25, 15),
(1168, 25, 16),
(1169, 25, 17),
(1170, 25, 18),
(1171, 25, 19),
(1172, 25, 20),
(1173, 25, 21),
(1174, 25, 22),
(1175, 25, 23),
(1176, 25, 24),
(1177, 25, 25),
(1178, 25, 26),
(1179, 25, 27),
(1180, 25, 28),
(1181, 25, 29),
(1182, 25, 30),
(1183, 25, 31),
(1184, 25, 32),
(1185, 25, 33),
(1186, 25, 34),
(1187, 25, 35),
(1188, 25, 36),
(1189, 25, 37),
(1190, 25, 38),
(1191, 25, 39),
(1192, 25, 40),
(1193, 25, 41),
(1194, 25, 42),
(1195, 25, 43),
(1196, 25, 44),
(1197, 25, 45),
(1198, 25, 46),
(1199, 25, 47),
(1200, 25, 48);

-- --------------------------------------------------------

--
-- Estructura de tabla para la tabla `butacas_en_sesion`
--

CREATE TABLE `butacas_en_sesion` (
  `id` int(11) NOT NULL,
  `id_butaca` int(11) NOT NULL,
  `id_sesion` int(11) NOT NULL,
  `activo` tinyint(1) NOT NULL
) ENGINE=InnoDB DEFAULT CHARSET=latin1;

--
-- Volcado de datos para la tabla `butacas_en_sesion`
--

INSERT INTO `butacas_en_sesion` (`id`, `id_butaca`, `id_sesion`, `activo`) VALUES
(1, 1, 1652, 1),
(2, 2, 1652, 1),
(3, 3, 1652, 1),
(4, 4, 1652, 1),
(5, 5, 1652, 1),
(6, 6, 1652, 1),
(7, 7, 1652, 1),
(8, 8, 1652, 1),
(9, 9, 1652, 1),
(10, 10, 1652, 1),
(11, 11, 1652, 1),
(12, 12, 1652, 1),
(13, 13, 1652, 1),
(14, 14, 1652, 1),
(15, 15, 1652, 1),
(16, 16, 1652, 1),
(17, 17, 1652, 1),
(18, 18, 1652, 1),
(19, 19, 1652, 1),
(20, 20, 1652, 1),
(21, 21, 1652, 1),
(22, 22, 1652, 1),
(23, 23, 1652, 1),
(24, 24, 1652, 1),
(25, 25, 1652, 1),
(26, 26, 1652, 1),
(27, 27, 1652, 1),
(28, 28, 1652, 1),
(29, 29, 1652, 1),
(30, 30, 1652, 1),
(31, 31, 1652, 1),
(32, 32, 1652, 1),
(33, 33, 1652, 1),
(34, 34, 1652, 1),
(35, 35, 1652, 1),
(36, 36, 1652, 1),
(37, 37, 1652, 1),
(38, 38, 1652, 1),
(39, 39, 1652, 1),
(40, 40, 1652, 1),
(41, 41, 1652, 1),
(42, 42, 1652, 1),
(43, 43, 1652, 1),
(44, 44, 1652, 1),
(45, 45, 1652, 1),
(46, 46, 1652, 1),
(47, 47, 1652, 1),
(48, 48, 1652, 1),
(49, 1, 1654, 1),
(50, 2, 1654, 1),
(51, 3, 1654, 1),
(52, 4, 1654, 1),
(53, 5, 1654, 1),
(54, 6, 1654, 1),
(55, 7, 1654, 1),
(56, 8, 1654, 1),
(57, 9, 1654, 1),
(58, 10, 1654, 1),
(59, 11, 1654, 1),
(60, 12, 1654, 1),
(61, 13, 1654, 1),
(62, 14, 1654, 1),
(63, 15, 1654, 1),
(64, 16, 1654, 1),
(65, 17, 1654, 1),
(66, 18, 1654, 1),
(67, 19, 1654, 1),
(68, 20, 1654, 1),
(69, 21, 1654, 1),
(70, 22, 1654, 1),
(71, 23, 1654, 1),
(72, 24, 1654, 1),
(73, 25, 1654, 1),
(74, 26, 1654, 1),
(75, 27, 1654, 1),
(76, 28, 1654, 1),
(77, 29, 1654, 1),
(78, 30, 1654, 1),
(79, 31, 1654, 1),
(80, 32, 1654, 1),
(81, 33, 1654, 1),
(82, 34, 1654, 1),
(83, 35, 1654, 1),
(84, 36, 1654, 1),
(85, 37, 1654, 1),
(86, 38, 1654, 1),
(87, 39, 1654, 1),
(88, 40, 1654, 1),
(89, 41, 1654, 1),
(90, 42, 1654, 1),
(91, 43, 1654, 1),
(92, 44, 1654, 1),
(93, 45, 1654, 1),
(94, 46, 1654, 1),
(95, 47, 1654, 1),
(96, 48, 1654, 1),
(97, 49, 1656, 1),
(98, 50, 1656, 1),
(99, 51, 1656, 1),
(100, 52, 1656, 1),
(101, 53, 1656, 1),
(102, 54, 1656, 1),
(103, 55, 1656, 1),
(104, 56, 1656, 1),
(105, 57, 1656, 1),
(106, 58, 1656, 1),
(107, 59, 1656, 1),
(108, 60, 1656, 1),
(109, 61, 1656, 1),
(110, 62, 1656, 1),
(111, 63, 1656, 1),
(112, 64, 1656, 1),
(113, 65, 1656, 1),
(114, 66, 1656, 1),
(115, 67, 1656, 1),
(116, 68, 1656, 1),
(117, 69, 1656, 1),
(118, 70, 1656, 1),
(119, 71, 1656, 1),
(120, 72, 1656, 1),
(121, 73, 1656, 1),
(122, 74, 1656, 1),
(123, 75, 1656, 1),
(124, 76, 1656, 1),
(125, 77, 1656, 1),
(126, 78, 1656, 1),
(127, 79, 1656, 1),
(128, 80, 1656, 1),
(129, 81, 1656, 1),
(130, 82, 1656, 1),
(131, 83, 1656, 1),
(132, 84, 1656, 1),
(133, 85, 1656, 1),
(134, 86, 1656, 1),
(135, 87, 1656, 1),
(136, 88, 1656, 1),
(137, 89, 1656, 1),
(138, 90, 1656, 1),
(139, 91, 1656, 1),
(140, 92, 1656, 1),
(141, 93, 1656, 1),
(142, 94, 1656, 1),
(143, 95, 1656, 1),
(144, 96, 1656, 1),
(145, 145, 1666, 1),
(146, 146, 1666, 1),
(147, 147, 1666, 1),
(148, 148, 1666, 1),
(149, 149, 1666, 1),
(150, 150, 1666, 1),
(151, 151, 1666, 1),
(152, 152, 1666, 1),
(153, 153, 1666, 1),
(154, 154, 1666, 1),
(155, 155, 1666, 1),
(156, 156, 1666, 1),
(157, 157, 1666, 1),
(158, 158, 1666, 1),
(159, 159, 1666, 1),
(160, 160, 1666, 1),
(161, 161, 1666, 1),
(162, 162, 1666, 1),
(163, 163, 1666, 1),
(164, 164, 1666, 1),
(165, 165, 1666, 1),
(166, 166, 1666, 1),
(167, 167, 1666, 1),
(168, 168, 1666, 1),
(169, 169, 1666, 1),
(170, 170, 1666, 1),
(171, 171, 1666, 1),
(172, 172, 1666, 1),
(173, 173, 1666, 1),
(174, 174, 1666, 1),
(175, 175, 1666, 1),
(176, 176, 1666, 1),
(177, 177, 1666, 1),
(178, 178, 1666, 1),
(179, 179, 1666, 1),
(180, 180, 1666, 1),
(181, 181, 1666, 1),
(182, 182, 1666, 1),
(183, 183, 1666, 1),
(184, 184, 1666, 1),
(185, 185, 1666, 1),
(186, 186, 1666, 1),
(187, 187, 1666, 1),
(188, 188, 1666, 1),
(189, 189, 1666, 1),
(190, 190, 1666, 1),
(191, 191, 1666, 1),
(192, 192, 1666, 1),
(193, 145, 1674, 1),
(194, 146, 1674, 1),
(195, 147, 1674, 1),
(196, 148, 1674, 1),
(197, 149, 1674, 1),
(198, 150, 1674, 1),
(199, 151, 1674, 1),
(200, 152, 1674, 1),
(201, 153, 1674, 1),
(202, 154, 1674, 1),
(203, 155, 1674, 1),
(204, 156, 1674, 1),
(205, 157, 1674, 1),
(206, 158, 1674, 1),
(207, 159, 1674, 1),
(208, 160, 1674, 1),
(209, 161, 1674, 1),
(210, 162, 1674, 1),
(211, 163, 1674, 1),
(212, 164, 1674, 1),
(213, 165, 1674, 1),
(214, 166, 1674, 1),
(215, 167, 1674, 1),
(216, 168, 1674, 1),
(217, 169, 1674, 1),
(218, 170, 1674, 1),
(219, 171, 1674, 1),
(220, 172, 1674, 1),
(221, 173, 1674, 1),
(222, 174, 1674, 1),
(223, 175, 1674, 1),
(224, 176, 1674, 1),
(225, 177, 1674, 1),
(226, 178, 1674, 1),
(227, 179, 1674, 1),
(228, 180, 1674, 1),
(229, 181, 1674, 1),
(230, 182, 1674, 1),
(231, 183, 1674, 1),
(232, 184, 1674, 1),
(233, 185, 1674, 1),
(234, 186, 1674, 1),
(235, 187, 1674, 1),
(236, 188, 1674, 1),
(237, 189, 1674, 1),
(238, 190, 1674, 1),
(239, 191, 1674, 1),
(240, 192, 1674, 1),
(241, 193, 1658, 1),
(242, 194, 1658, 1),
(243, 195, 1658, 1),
(244, 196, 1658, 1),
(245, 197, 1658, 1),
(246, 198, 1658, 1),
(247, 199, 1658, 1),
(248, 200, 1658, 1),
(249, 201, 1658, 1),
(250, 202, 1658, 1),
(251, 203, 1658, 1),
(252, 204, 1658, 1),
(253, 205, 1658, 1),
(254, 206, 1658, 1),
(255, 207, 1658, 1),
(256, 208, 1658, 1),
(257, 209, 1658, 1),
(258, 210, 1658, 1),
(259, 211, 1658, 1),
(260, 212, 1658, 1),
(261, 213, 1658, 1),
(262, 214, 1658, 1),
(263, 215, 1658, 1),
(264, 216, 1658, 1),
(265, 217, 1658, 1),
(266, 218, 1658, 1),
(267, 219, 1658, 1),
(268, 220, 1658, 1),
(269, 221, 1658, 1),
(270, 222, 1658, 1),
(271, 223, 1658, 1),
(272, 224, 1658, 1),
(273, 225, 1658, 1),
(274, 226, 1658, 1),
(275, 227, 1658, 1),
(276, 228, 1658, 1),
(277, 229, 1658, 1),
(278, 230, 1658, 1),
(279, 231, 1658, 1),
(280, 232, 1658, 1),
(281, 233, 1658, 1),
(282, 234, 1658, 1),
(283, 235, 1658, 1),
(284, 236, 1658, 1),
(285, 237, 1658, 1),
(286, 238, 1658, 1),
(287, 239, 1658, 1),
(288, 240, 1658, 1),
(289, 385, 1669, 1),
(290, 386, 1669, 1),
(291, 387, 1669, 1),
(292, 388, 1669, 1),
(293, 389, 1669, 1),
(294, 390, 1669, 1),
(295, 391, 1669, 1),
(296, 392, 1669, 1),
(297, 393, 1669, 1),
(298, 394, 1669, 1),
(299, 395, 1669, 1),
(300, 396, 1669, 1),
(301, 397, 1669, 1),
(302, 398, 1669, 1),
(303, 399, 1669, 1),
(304, 400, 1669, 1),
(305, 401, 1669, 1),
(306, 402, 1669, 1),
(307, 403, 1669, 1),
(308, 404, 1669, 1),
(309, 405, 1669, 1),
(310, 406, 1669, 1),
(311, 407, 1669, 1),
(312, 408, 1669, 1),
(313, 409, 1669, 1),
(314, 410, 1669, 1),
(315, 411, 1669, 1),
(316, 412, 1669, 1),
(317, 413, 1669, 1),
(318, 414, 1669, 1),
(319, 415, 1669, 1),
(320, 416, 1669, 1),
(321, 417, 1669, 1),
(322, 418, 1669, 1),
(323, 419, 1669, 1),
(324, 420, 1669, 1),
(325, 421, 1669, 1),
(326, 422, 1669, 1),
(327, 423, 1669, 1),
(328, 424, 1669, 1),
(329, 425, 1669, 1),
(330, 426, 1669, 1),
(331, 427, 1669, 1),
(332, 428, 1669, 1),
(333, 429, 1669, 1),
(334, 430, 1669, 1),
(335, 431, 1669, 1),
(336, 432, 1669, 1),
(337, 385, 1677, 1),
(338, 386, 1677, 1),
(339, 387, 1677, 1),
(340, 388, 1677, 1),
(341, 389, 1677, 1),
(342, 390, 1677, 1),
(343, 391, 1677, 1),
(344, 392, 1677, 1),
(345, 393, 1677, 1),
(346, 394, 1677, 1),
(347, 395, 1677, 1),
(348, 396, 1677, 1),
(349, 397, 1677, 1),
(350, 398, 1677, 1),
(351, 399, 1677, 1),
(352, 400, 1677, 1),
(353, 401, 1677, 1),
(354, 402, 1677, 1),
(355, 403, 1677, 1),
(356, 404, 1677, 1),
(357, 405, 1677, 1),
(358, 406, 1677, 1),
(359, 407, 1677, 1),
(360, 408, 1677, 1),
(361, 409, 1677, 1),
(362, 410, 1677, 1),
(363, 411, 1677, 1),
(364, 412, 1677, 1),
(365, 413, 1677, 1),
(366, 414, 1677, 1),
(367, 415, 1677, 1),
(368, 416, 1677, 1),
(369, 417, 1677, 1),
(370, 418, 1677, 1),
(371, 419, 1677, 1),
(372, 420, 1677, 1),
(373, 421, 1677, 1),
(374, 422, 1677, 1),
(375, 423, 1677, 1),
(376, 424, 1677, 1),
(377, 425, 1677, 1),
(378, 426, 1677, 1),
(379, 427, 1677, 1),
(380, 428, 1677, 1),
(381, 429, 1677, 1),
(382, 430, 1677, 1),
(383, 431, 1677, 1),
(384, 432, 1677, 1),
(385, 433, 1659, 1),
(386, 434, 1659, 1),
(387, 435, 1659, 1),
(388, 436, 1659, 1),
(389, 437, 1659, 1),
(390, 438, 1659, 1),
(391, 439, 1659, 1),
(392, 440, 1659, 1),
(393, 441, 1659, 1),
(394, 442, 1659, 1),
(395, 443, 1659, 1),
(396, 444, 1659, 1),
(397, 445, 1659, 1),
(398, 446, 1659, 1),
(399, 447, 1659, 1),
(400, 448, 1659, 1),
(401, 449, 1659, 1),
(402, 450, 1659, 1),
(403, 451, 1659, 1),
(404, 452, 1659, 1),
(405, 453, 1659, 1),
(406, 454, 1659, 1),
(407, 455, 1659, 1),
(408, 456, 1659, 1),
(409, 457, 1659, 1),
(410, 458, 1659, 1),
(411, 459, 1659, 1),
(412, 460, 1659, 1),
(413, 461, 1659, 1),
(414, 462, 1659, 1),
(415, 463, 1659, 1),
(416, 464, 1659, 1),
(417, 465, 1659, 1),
(418, 466, 1659, 1),
(419, 467, 1659, 1),
(420, 468, 1659, 1),
(421, 469, 1659, 1),
(422, 470, 1659, 1),
(423, 471, 1659, 1),
(424, 472, 1659, 1),
(425, 473, 1659, 1),
(426, 474, 1659, 1),
(427, 475, 1659, 1),
(428, 476, 1659, 1),
(429, 477, 1659, 1),
(430, 478, 1659, 1),
(431, 479, 1659, 1),
(432, 480, 1659, 1),
(433, 433, 1661, 1),
(434, 434, 1661, 1),
(435, 435, 1661, 1),
(436, 436, 1661, 1),
(437, 437, 1661, 1),
(438, 438, 1661, 1),
(439, 439, 1661, 1),
(440, 440, 1661, 1),
(441, 441, 1661, 1),
(442, 442, 1661, 1),
(443, 443, 1661, 1),
(444, 444, 1661, 1),
(445, 445, 1661, 1),
(446, 446, 1661, 1),
(447, 447, 1661, 1),
(448, 448, 1661, 1),
(449, 449, 1661, 1),
(450, 450, 1661, 1),
(451, 451, 1661, 1),
(452, 452, 1661, 1),
(453, 453, 1661, 1),
(454, 454, 1661, 1),
(455, 455, 1661, 1),
(456, 456, 1661, 1),
(457, 457, 1661, 1),
(458, 458, 1661, 1),
(459, 459, 1661, 1),
(460, 460, 1661, 1),
(461, 461, 1661, 1),
(462, 462, 1661, 1),
(463, 463, 1661, 1),
(464, 464, 1661, 1),
(465, 465, 1661, 1),
(466, 466, 1661, 1),
(467, 467, 1661, 1),
(468, 468, 1661, 1),
(469, 469, 1661, 1),
(470, 470, 1661, 1),
(471, 471, 1661, 1),
(472, 472, 1661, 1),
(473, 473, 1661, 1),
(474, 474, 1661, 1),
(475, 475, 1661, 1),
(476, 476, 1661, 1),
(477, 477, 1661, 1),
(478, 478, 1661, 1),
(479, 479, 1661, 1),
(480, 480, 1661, 1),
(481, 577, 1667, 1),
(482, 578, 1667, 1),
(483, 579, 1667, 1),
(484, 580, 1667, 1),
(485, 581, 1667, 1),
(486, 582, 1667, 1),
(487, 583, 1667, 1),
(488, 584, 1667, 1),
(489, 585, 1667, 1),
(490, 586, 1667, 1),
(491, 587, 1667, 1),
(492, 588, 1667, 1),
(493, 589, 1667, 1),
(494, 590, 1667, 1),
(495, 591, 1667, 1),
(496, 592, 1667, 1),
(497, 593, 1667, 1),
(498, 594, 1667, 1),
(499, 595, 1667, 1),
(500, 596, 1667, 1),
(501, 597, 1667, 1),
(502, 598, 1667, 1),
(503, 599, 1667, 1),
(504, 600, 1667, 1),
(505, 601, 1667, 1),
(506, 602, 1667, 1),
(507, 603, 1667, 1),
(508, 604, 1667, 1),
(509, 605, 1667, 1),
(510, 606, 1667, 1),
(511, 607, 1667, 1),
(512, 608, 1667, 1),
(513, 609, 1667, 1),
(514, 610, 1667, 1),
(515, 611, 1667, 1),
(516, 612, 1667, 1),
(517, 613, 1667, 1),
(518, 614, 1667, 1),
(519, 615, 1667, 1),
(520, 616, 1667, 1),
(521, 617, 1667, 1),
(522, 618, 1667, 1),
(523, 619, 1667, 1),
(524, 620, 1667, 1),
(525, 621, 1667, 1),
(526, 622, 1667, 1),
(527, 623, 1667, 1),
(528, 624, 1667, 1),
(529, 577, 1668, 1),
(530, 578, 1668, 1),
(531, 579, 1668, 1),
(532, 580, 1668, 1),
(533, 581, 1668, 1),
(534, 582, 1668, 1),
(535, 583, 1668, 1),
(536, 584, 1668, 1),
(537, 585, 1668, 1),
(538, 586, 1668, 1),
(539, 587, 1668, 1),
(540, 588, 1668, 1),
(541, 589, 1668, 1),
(542, 590, 1668, 1),
(543, 591, 1668, 1),
(544, 592, 1668, 1),
(545, 593, 1668, 1),
(546, 594, 1668, 1),
(547, 595, 1668, 1),
(548, 596, 1668, 1),
(549, 597, 1668, 1),
(550, 598, 1668, 1),
(551, 599, 1668, 1),
(552, 600, 1668, 1),
(553, 601, 1668, 1),
(554, 602, 1668, 1),
(555, 603, 1668, 1),
(556, 604, 1668, 1),
(557, 605, 1668, 1),
(558, 606, 1668, 1),
(559, 607, 1668, 1),
(560, 608, 1668, 1),
(561, 609, 1668, 1),
(562, 610, 1668, 1),
(563, 611, 1668, 1),
(564, 612, 1668, 1),
(565, 613, 1668, 1),
(566, 614, 1668, 1),
(567, 615, 1668, 1),
(568, 616, 1668, 1),
(569, 617, 1668, 1),
(570, 618, 1668, 1),
(571, 619, 1668, 1),
(572, 620, 1668, 1),
(573, 621, 1668, 1),
(574, 622, 1668, 1),
(575, 623, 1668, 1),
(576, 624, 1668, 1),
(577, 577, 1675, 1),
(578, 578, 1675, 1),
(579, 579, 1675, 1),
(580, 580, 1675, 1),
(581, 581, 1675, 1),
(582, 582, 1675, 1),
(583, 583, 1675, 1),
(584, 584, 1675, 1),
(585, 585, 1675, 1),
(586, 586, 1675, 1),
(587, 587, 1675, 1),
(588, 588, 1675, 1),
(589, 589, 1675, 1),
(590, 590, 1675, 1),
(591, 591, 1675, 1),
(592, 592, 1675, 1),
(593, 593, 1675, 1),
(594, 594, 1675, 1),
(595, 595, 1675, 1),
(596, 596, 1675, 1),
(597, 597, 1675, 1),
(598, 598, 1675, 1),
(599, 599, 1675, 1),
(600, 600, 1675, 1),
(601, 601, 1675, 1),
(602, 602, 1675, 1),
(603, 603, 1675, 1),
(604, 604, 1675, 1),
(605, 605, 1675, 1),
(606, 606, 1675, 1),
(607, 607, 1675, 1),
(608, 608, 1675, 1),
(609, 609, 1675, 1),
(610, 610, 1675, 1),
(611, 611, 1675, 1),
(612, 612, 1675, 1),
(613, 613, 1675, 1),
(614, 614, 1675, 1),
(615, 615, 1675, 1),
(616, 616, 1675, 1),
(617, 617, 1675, 1),
(618, 618, 1675, 1),
(619, 619, 1675, 1),
(620, 620, 1675, 1),
(621, 621, 1675, 1),
(622, 622, 1675, 1),
(623, 623, 1675, 1),
(624, 624, 1675, 1),
(625, 577, 1676, 1),
(626, 578, 1676, 1),
(627, 579, 1676, 1),
(628, 580, 1676, 1),
(629, 581, 1676, 1),
(630, 582, 1676, 1),
(631, 583, 1676, 1),
(632, 584, 1676, 1),
(633, 585, 1676, 1),
(634, 586, 1676, 1),
(635, 587, 1676, 1),
(636, 588, 1676, 1),
(637, 589, 1676, 1),
(638, 590, 1676, 1),
(639, 591, 1676, 1),
(640, 592, 1676, 1),
(641, 593, 1676, 1),
(642, 594, 1676, 1),
(643, 595, 1676, 1),
(644, 596, 1676, 1),
(645, 597, 1676, 1),
(646, 598, 1676, 1),
(647, 599, 1676, 1),
(648, 600, 1676, 1),
(649, 601, 1676, 1),
(650, 602, 1676, 1),
(651, 603, 1676, 1),
(652, 604, 1676, 1),
(653, 605, 1676, 1),
(654, 606, 1676, 1),
(655, 607, 1676, 1),
(656, 608, 1676, 1),
(657, 609, 1676, 1),
(658, 610, 1676, 1),
(659, 611, 1676, 1),
(660, 612, 1676, 1),
(661, 613, 1676, 1),
(662, 614, 1676, 1),
(663, 615, 1676, 1),
(664, 616, 1676, 1),
(665, 617, 1676, 1),
(666, 618, 1676, 1),
(667, 619, 1676, 1),
(668, 620, 1676, 1),
(669, 621, 1676, 1),
(670, 622, 1676, 1),
(671, 623, 1676, 1),
(672, 624, 1676, 1),
(673, 625, 1663, 1),
(674, 626, 1663, 1),
(675, 627, 1663, 1),
(676, 628, 1663, 1),
(677, 629, 1663, 1),
(678, 630, 1663, 1),
(679, 631, 1663, 1),
(680, 632, 1663, 1),
(681, 633, 1663, 1),
(682, 634, 1663, 1),
(683, 635, 1663, 1),
(684, 636, 1663, 1),
(685, 637, 1663, 1),
(686, 638, 1663, 1),
(687, 639, 1663, 1),
(688, 640, 1663, 1),
(689, 641, 1663, 1),
(690, 642, 1663, 1),
(691, 643, 1663, 1),
(692, 644, 1663, 1),
(693, 645, 1663, 1),
(694, 646, 1663, 1),
(695, 647, 1663, 1),
(696, 648, 1663, 1),
(697, 649, 1663, 1),
(698, 650, 1663, 1),
(699, 651, 1663, 1),
(700, 652, 1663, 1),
(701, 653, 1663, 1),
(702, 654, 1663, 1),
(703, 655, 1663, 1),
(704, 656, 1663, 1),
(705, 657, 1663, 1),
(706, 658, 1663, 1),
(707, 659, 1663, 1),
(708, 660, 1663, 1),
(709, 661, 1663, 1),
(710, 662, 1663, 1),
(711, 663, 1663, 1),
(712, 664, 1663, 1),
(713, 665, 1663, 1),
(714, 666, 1663, 1),
(715, 667, 1663, 1),
(716, 668, 1663, 1),
(717, 669, 1663, 1),
(718, 670, 1663, 1),
(719, 671, 1663, 1),
(720, 672, 1663, 1),
(721, 625, 1671, 1),
(722, 626, 1671, 1),
(723, 627, 1671, 1),
(724, 628, 1671, 1),
(725, 629, 1671, 1),
(726, 630, 1671, 1),
(727, 631, 1671, 1),
(728, 632, 1671, 1),
(729, 633, 1671, 1),
(730, 634, 1671, 1),
(731, 635, 1671, 1),
(732, 636, 1671, 1),
(733, 637, 1671, 1),
(734, 638, 1671, 1),
(735, 639, 1671, 1),
(736, 640, 1671, 1),
(737, 641, 1671, 1),
(738, 642, 1671, 1),
(739, 643, 1671, 1),
(740, 644, 1671, 1),
(741, 645, 1671, 1),
(742, 646, 1671, 1),
(743, 647, 1671, 1),
(744, 648, 1671, 1),
(745, 649, 1671, 1),
(746, 650, 1671, 1),
(747, 651, 1671, 1),
(748, 652, 1671, 1),
(749, 653, 1671, 1),
(750, 654, 1671, 1),
(751, 655, 1671, 1),
(752, 656, 1671, 1),
(753, 657, 1671, 1),
(754, 658, 1671, 1),
(755, 659, 1671, 1),
(756, 660, 1671, 1),
(757, 661, 1671, 1),
(758, 662, 1671, 1),
(759, 663, 1671, 1),
(760, 664, 1671, 1),
(761, 665, 1671, 1),
(762, 666, 1671, 1),
(763, 667, 1671, 1),
(764, 668, 1671, 1),
(765, 669, 1671, 1),
(766, 670, 1671, 1),
(767, 671, 1671, 1),
(768, 672, 1671, 1),
(769, 673, 1665, 1),
(770, 674, 1665, 1),
(771, 675, 1665, 1),
(772, 676, 1665, 1),
(773, 677, 1665, 1),
(774, 678, 1665, 1),
(775, 679, 1665, 1),
(776, 680, 1665, 1),
(777, 681, 1665, 1),
(778, 682, 1665, 1),
(779, 683, 1665, 1),
(780, 684, 1665, 1),
(781, 685, 1665, 1),
(782, 686, 1665, 1),
(783, 687, 1665, 1),
(784, 688, 1665, 1),
(785, 689, 1665, 1),
(786, 690, 1665, 1),
(787, 691, 1665, 1),
(788, 692, 1665, 1),
(789, 693, 1665, 1),
(790, 694, 1665, 1),
(791, 695, 1665, 1),
(792, 696, 1665, 1),
(793, 697, 1665, 1),
(794, 698, 1665, 1),
(795, 699, 1665, 1),
(796, 700, 1665, 1),
(797, 701, 1665, 1),
(798, 702, 1665, 1),
(799, 703, 1665, 1),
(800, 704, 1665, 1),
(801, 705, 1665, 1),
(802, 706, 1665, 1),
(803, 707, 1665, 1),
(804, 708, 1665, 1),
(805, 709, 1665, 1),
(806, 710, 1665, 1),
(807, 711, 1665, 1),
(808, 712, 1665, 1),
(809, 713, 1665, 1),
(810, 714, 1665, 1),
(811, 715, 1665, 1),
(812, 716, 1665, 1),
(813, 717, 1665, 1),
(814, 718, 1665, 1),
(815, 719, 1665, 1),
(816, 720, 1665, 1),
(817, 673, 1673, 1),
(818, 674, 1673, 1),
(819, 675, 1673, 1),
(820, 676, 1673, 1),
(821, 677, 1673, 1),
(822, 678, 1673, 1),
(823, 679, 1673, 1),
(824, 680, 1673, 1),
(825, 681, 1673, 1),
(826, 682, 1673, 1),
(827, 683, 1673, 1),
(828, 684, 1673, 1),
(829, 685, 1673, 1),
(830, 686, 1673, 1),
(831, 687, 1673, 1),
(832, 688, 1673, 1),
(833, 689, 1673, 1),
(834, 690, 1673, 1),
(835, 691, 1673, 1),
(836, 692, 1673, 1),
(837, 693, 1673, 1),
(838, 694, 1673, 1),
(839, 695, 1673, 1),
(840, 696, 1673, 1),
(841, 697, 1673, 1),
(842, 698, 1673, 1),
(843, 699, 1673, 1),
(844, 700, 1673, 1),
(845, 701, 1673, 1),
(846, 702, 1673, 1),
(847, 703, 1673, 1),
(848, 704, 1673, 1),
(849, 705, 1673, 1),
(850, 706, 1673, 1),
(851, 707, 1673, 1),
(852, 708, 1673, 1),
(853, 709, 1673, 1),
(854, 710, 1673, 1),
(855, 711, 1673, 1),
(856, 712, 1673, 1),
(857, 713, 1673, 1),
(858, 714, 1673, 1),
(859, 715, 1673, 1),
(860, 716, 1673, 1),
(861, 717, 1673, 1),
(862, 718, 1673, 1),
(863, 719, 1673, 1),
(864, 720, 1673, 1),
(865, 721, 1670, 1),
(866, 722, 1670, 1),
(867, 723, 1670, 1),
(868, 724, 1670, 1),
(869, 725, 1670, 1),
(870, 726, 1670, 1),
(871, 727, 1670, 1),
(872, 728, 1670, 1),
(873, 729, 1670, 1),
(874, 730, 1670, 1),
(875, 731, 1670, 1),
(876, 732, 1670, 1),
(877, 733, 1670, 1),
(878, 734, 1670, 1),
(879, 735, 1670, 1),
(880, 736, 1670, 1),
(881, 737, 1670, 1),
(882, 738, 1670, 1),
(883, 739, 1670, 1),
(884, 740, 1670, 1),
(885, 741, 1670, 1),
(886, 742, 1670, 1),
(887, 743, 1670, 1),
(888, 744, 1670, 1),
(889, 745, 1670, 1),
(890, 746, 1670, 1),
(891, 747, 1670, 1),
(892, 748, 1670, 1),
(893, 749, 1670, 1),
(894, 750, 1670, 1),
(895, 751, 1670, 1),
(896, 752, 1670, 1),
(897, 753, 1670, 1),
(898, 754, 1670, 1),
(899, 755, 1670, 1),
(900, 756, 1670, 1),
(901, 757, 1670, 1),
(902, 758, 1670, 1),
(903, 759, 1670, 1),
(904, 760, 1670, 1),
(905, 761, 1670, 1),
(906, 762, 1670, 1),
(907, 763, 1670, 1),
(908, 764, 1670, 1),
(909, 765, 1670, 1),
(910, 766, 1670, 1),
(911, 767, 1670, 1),
(912, 768, 1670, 1),
(913, 721, 1678, 1),
(914, 722, 1678, 1),
(915, 723, 1678, 1),
(916, 724, 1678, 1),
(917, 725, 1678, 1),
(918, 726, 1678, 1),
(919, 727, 1678, 1),
(920, 728, 1678, 1),
(921, 729, 1678, 1),
(922, 730, 1678, 1),
(923, 731, 1678, 1),
(924, 732, 1678, 1),
(925, 733, 1678, 1),
(926, 734, 1678, 1),
(927, 735, 1678, 1),
(928, 736, 1678, 1),
(929, 737, 1678, 1),
(930, 738, 1678, 1),
(931, 739, 1678, 1),
(932, 740, 1678, 1),
(933, 741, 1678, 1),
(934, 742, 1678, 1),
(935, 743, 1678, 1),
(936, 744, 1678, 1),
(937, 745, 1678, 1),
(938, 746, 1678, 1),
(939, 747, 1678, 1),
(940, 748, 1678, 1),
(941, 749, 1678, 1),
(942, 750, 1678, 1),
(943, 751, 1678, 1),
(944, 752, 1678, 1),
(945, 753, 1678, 1),
(946, 754, 1678, 1),
(947, 755, 1678, 1),
(948, 756, 1678, 1),
(949, 757, 1678, 1),
(950, 758, 1678, 1),
(951, 759, 1678, 1),
(952, 760, 1678, 1),
(953, 761, 1678, 1),
(954, 762, 1678, 1),
(955, 763, 1678, 1),
(956, 764, 1678, 1),
(957, 765, 1678, 1),
(958, 766, 1678, 1),
(959, 767, 1678, 1),
(960, 768, 1678, 1),
(961, 865, 1660, 1),
(962, 866, 1660, 1),
(963, 867, 1660, 1),
(964, 868, 1660, 1),
(965, 869, 1660, 1),
(966, 870, 1660, 1),
(967, 871, 1660, 1),
(968, 872, 1660, 1),
(969, 873, 1660, 1),
(970, 874, 1660, 1),
(971, 875, 1660, 1),
(972, 876, 1660, 1),
(973, 877, 1660, 1),
(974, 878, 1660, 1),
(975, 879, 1660, 1),
(976, 880, 1660, 1),
(977, 881, 1660, 1),
(978, 882, 1660, 1),
(979, 883, 1660, 1),
(980, 884, 1660, 1),
(981, 885, 1660, 1),
(982, 886, 1660, 1),
(983, 887, 1660, 1),
(984, 888, 1660, 1),
(985, 889, 1660, 1),
(986, 890, 1660, 1),
(987, 891, 1660, 1),
(988, 892, 1660, 1),
(989, 893, 1660, 1),
(990, 894, 1660, 1),
(991, 895, 1660, 1),
(992, 896, 1660, 1),
(993, 897, 1660, 1),
(994, 898, 1660, 1),
(995, 899, 1660, 1),
(996, 900, 1660, 1),
(997, 901, 1660, 1),
(998, 902, 1660, 1),
(999, 903, 1660, 1),
(1000, 904, 1660, 1),
(1001, 905, 1660, 1),
(1002, 906, 1660, 1),
(1003, 907, 1660, 1),
(1004, 908, 1660, 1),
(1005, 909, 1660, 1),
(1006, 910, 1660, 1),
(1007, 911, 1660, 1),
(1008, 912, 1660, 1),
(1009, 865, 1662, 1),
(1010, 866, 1662, 1),
(1011, 867, 1662, 1),
(1012, 868, 1662, 1),
(1013, 869, 1662, 1),
(1014, 870, 1662, 1),
(1015, 871, 1662, 1),
(1016, 872, 1662, 1),
(1017, 873, 1662, 1),
(1018, 874, 1662, 1),
(1019, 875, 1662, 1),
(1020, 876, 1662, 1),
(1021, 877, 1662, 1),
(1022, 878, 1662, 1),
(1023, 879, 1662, 1),
(1024, 880, 1662, 1),
(1025, 881, 1662, 1),
(1026, 882, 1662, 1),
(1027, 883, 1662, 1),
(1028, 884, 1662, 1),
(1029, 885, 1662, 1),
(1030, 886, 1662, 1),
(1031, 887, 1662, 1),
(1032, 888, 1662, 1),
(1033, 889, 1662, 1),
(1034, 890, 1662, 1),
(1035, 891, 1662, 1),
(1036, 892, 1662, 1),
(1037, 893, 1662, 1),
(1038, 894, 1662, 1),
(1039, 895, 1662, 1),
(1040, 896, 1662, 1),
(1041, 897, 1662, 1),
(1042, 898, 1662, 1),
(1043, 899, 1662, 1),
(1044, 900, 1662, 1),
(1045, 901, 1662, 1),
(1046, 902, 1662, 1),
(1047, 903, 1662, 1),
(1048, 904, 1662, 1),
(1049, 905, 1662, 1),
(1050, 906, 1662, 1),
(1051, 907, 1662, 1),
(1052, 908, 1662, 1),
(1053, 909, 1662, 1),
(1054, 910, 1662, 1),
(1055, 911, 1662, 1),
(1056, 912, 1662, 1),
(1057, 1153, 1664, 1),
(1058, 1154, 1664, 1),
(1059, 1155, 1664, 1),
(1060, 1156, 1664, 1),
(1061, 1157, 1664, 1),
(1062, 1158, 1664, 1),
(1063, 1159, 1664, 1),
(1064, 1160, 1664, 1),
(1065, 1161, 1664, 1),
(1066, 1162, 1664, 1),
(1067, 1163, 1664, 1),
(1068, 1164, 1664, 1),
(1069, 1165, 1664, 1),
(1070, 1166, 1664, 1),
(1071, 1167, 1664, 1),
(1072, 1168, 1664, 1),
(1073, 1169, 1664, 1),
(1074, 1170, 1664, 1),
(1075, 1171, 1664, 1),
(1076, 1172, 1664, 1),
(1077, 1173, 1664, 1),
(1078, 1174, 1664, 1),
(1079, 1175, 1664, 1),
(1080, 1176, 1664, 1),
(1081, 1177, 1664, 1),
(1082, 1178, 1664, 1),
(1083, 1179, 1664, 1),
(1084, 1180, 1664, 1),
(1085, 1181, 1664, 1),
(1086, 1182, 1664, 1),
(1087, 1183, 1664, 1),
(1088, 1184, 1664, 1),
(1089, 1185, 1664, 1),
(1090, 1186, 1664, 1),
(1091, 1187, 1664, 1),
(1092, 1188, 1664, 1),
(1093, 1189, 1664, 1),
(1094, 1190, 1664, 1),
(1095, 1191, 1664, 1),
(1096, 1192, 1664, 1),
(1097, 1193, 1664, 1),
(1098, 1194, 1664, 1),
(1099, 1195, 1664, 1),
(1100, 1196, 1664, 1),
(1101, 1197, 1664, 1),
(1102, 1198, 1664, 1),
(1103, 1199, 1664, 1),
(1104, 1200, 1664, 1),
(1105, 1153, 1672, 1),
(1106, 1154, 1672, 1),
(1107, 1155, 1672, 1),
(1108, 1156, 1672, 1),
(1109, 1157, 1672, 1),
(1110, 1158, 1672, 1),
(1111, 1159, 1672, 1),
(1112, 1160, 1672, 1),
(1113, 1161, 1672, 1),
(1114, 1162, 1672, 1),
(1115, 1163, 1672, 1),
(1116, 1164, 1672, 1),
(1117, 1165, 1672, 1),
(1118, 1166, 1672, 1),
(1119, 1167, 1672, 1),
(1120, 1168, 1672, 1),
(1121, 1169, 1672, 1),
(1122, 1170, 1672, 1),
(1123, 1171, 1672, 1),
(1124, 1172, 1672, 1),
(1125, 1173, 1672, 1),
(1126, 1174, 1672, 1),
(1127, 1175, 1672, 1),
(1128, 1176, 1672, 1),
(1129, 1177, 1672, 1),
(1130, 1178, 1672, 1),
(1131, 1179, 1672, 1),
(1132, 1180, 1672, 1),
(1133, 1181, 1672, 1),
(1134, 1182, 1672, 1),
(1135, 1183, 1672, 1),
(1136, 1184, 1672, 1),
(1137, 1185, 1672, 1),
(1138, 1186, 1672, 1),
(1139, 1187, 1672, 1),
(1140, 1188, 1672, 1),
(1141, 1189, 1672, 1),
(1142, 1190, 1672, 1),
(1143, 1191, 1672, 1),
(1144, 1192, 1672, 1),
(1145, 1193, 1672, 1),
(1146, 1194, 1672, 1),
(1147, 1195, 1672, 1),
(1148, 1196, 1672, 1),
(1149, 1197, 1672, 1),
(1150, 1198, 1672, 1),
(1151, 1199, 1672, 1),
(1152, 1200, 1672, 1);

-- --------------------------------------------------------

--
-- Estructura de tabla para la tabla `cine`
--

CREATE TABLE `cine` (
  `id` int(11) NOT NULL,
  `nombre` varchar(50) CHARACTER SET latin1 NOT NULL,
  `info` tinytext COLLATE utf8_spanish_ci NOT NULL,
  `email` varchar(30) COLLATE utf8_spanish_ci NOT NULL
) ENGINE=InnoDB DEFAULT CHARSET=utf8 COLLATE=utf8_spanish_ci;

--
-- Volcado de datos para la tabla `cine`
--

INSERT INTO `cine` (`id`, `nombre`, `info`, `email`) VALUES
(1, 'Cine 1', 'Información Cine 1', 'Cine1@example.org'),
(2, 'Cine 2', 'Información Cine 2', 'Cine2@example.org'),
(3, 'Cine 3', 'Información Cine 3', 'Cine3@example.org'),
(4, 'Cine 4', 'Información Cine 4', 'Cine4@example.org'),
(5, 'Cine 5', 'Información Cine 5', 'Cine5@example.org');

-- --------------------------------------------------------

--
-- Estructura de tabla para la tabla `compra`
--

CREATE TABLE `compra` (
  `id` int(11) NOT NULL,
  `id_usuario` int(11) NOT NULL,
  `id_butaca` int(11) NOT NULL,
  `id_funcion` int(11) NOT NULL,
  `id_promocion` int(11) NOT NULL,
  `fecha` date NOT NULL,
  `subtotal` decimal(10,0) NOT NULL,
  `descuento` decimal(10,0) NOT NULL,
  `total` decimal(10,0) NOT NULL
) ENGINE=InnoDB DEFAULT CHARSET=utf8mb4 COLLATE=utf8mb4_spanish_ci;

-- --------------------------------------------------------

--
-- Estructura de tabla para la tabla `funcion`
--

CREATE TABLE `funcion` (
  `id` int(11) NOT NULL,
  `id_sala` int(11) NOT NULL,
  `id_pelicula` int(11) NOT NULL,
  `fecha` datetime NOT NULL,
  `precio` decimal(10,0) NOT NULL,
  `activo` tinyint(1) NOT NULL
) ENGINE=InnoDB DEFAULT CHARSET=utf8mb4 COLLATE=utf8mb4_spanish_ci;

--
-- Volcado de datos para la tabla `funcion`
--

INSERT INTO `funcion` (`id`, `id_sala`, `id_pelicula`, `fecha`, `precio`, `activo`) VALUES
(1652, 1, 1, '2017-06-29 18:30:17', '8', 1),
(1654, 1, 1, '2017-06-30 12:30:00', '8', 1),
(1656, 2, 1, '2017-07-05 12:30:00', '8', 1),
(1658, 5, 1, '2017-06-07 12:30:00', '8', 1),
(1659, 10, 1, '2017-07-14 14:00:00', '8', 1),
(1660, 19, 2, '2017-06-29 10:00:00', '8', 1),
(1661, 10, 1, '2017-07-14 14:00:00', '8', 1),
(1662, 19, 2, '2017-06-29 10:00:00', '8', 1),
(1663, 14, 3, '2017-06-17 08:25:41', '8', 1),
(1664, 25, 3, '2017-06-30 11:26:31', '8', 1),
(1665, 15, 4, '2017-06-27 13:24:51', '8', 1),
(1666, 4, 4, '2017-06-03 12:16:42', '8', 1),
(1667, 13, 5, '2017-08-17 12:47:19', '8', 1),
(1668, 13, 5, '2017-08-19 15:17:30', '8', 1),
(1669, 9, 6, '2017-09-15 12:14:34', '8', 1),
(1670, 16, 6, '2017-08-17 18:23:19', '8', 1),
(1671, 14, 3, '2017-06-17 08:25:41', '8', 1),
(1672, 25, 3, '2017-06-30 11:26:31', '8', 1),
(1673, 15, 4, '2017-06-27 13:24:51', '8', 1),
(1674, 4, 4, '2017-06-03 12:16:42', '8', 1),
(1675, 13, 5, '2017-08-17 12:47:19', '8', 1),
(1676, 13, 5, '2017-08-19 15:17:30', '8', 1),
(1677, 9, 6, '2017-09-15 12:14:34', '8', 1),
(1678, 16, 6, '2017-08-17 18:23:19', '8', 1);

-- --------------------------------------------------------

--
-- Estructura de tabla para la tabla `pelicula`
--

CREATE TABLE `pelicula` (
  `id` int(11) NOT NULL,
  `nombreFoto` varchar(30) COLLATE utf8mb4_spanish_ci NOT NULL,
  `nombre` varchar(30) COLLATE utf8mb4_spanish_ci NOT NULL,
  `urlyoutube` varchar(256) COLLATE utf8mb4_spanish_ci NOT NULL,
  `descripcion` varchar(256) COLLATE utf8mb4_spanish_ci NOT NULL,
  `sinopsis` varchar(256) COLLATE utf8mb4_spanish_ci NOT NULL,
  `preestreno` tinyint(1) NOT NULL,
  `comun` tinyint(1) NOT NULL
) ENGINE=InnoDB DEFAULT CHARSET=utf8mb4 COLLATE=utf8mb4_spanish_ci;

--
-- Volcado de datos para la tabla `pelicula`
--

INSERT INTO `pelicula` (`id`, `nombreFoto`, `nombre`, `urlyoutube`, `descripcion`, `sinopsis`, `preestreno`, `comun`) VALUES
(1, 'kkong.jpg', 'KONG: LA ISLA CALAVERA', 'https://www.youtube.com/embed/8wP_3OO3Res', 'Título original\r\nKong: Skull Islandaka \r\nAño\r\n2017\r\nDuración\r\n120 min.\r\nPaís\r\nEstados Unidos Estados Unidos\r\nDirector\r\nJordan Vogt-Roberts\r\nGuion\r\nDan Gilroy, Max Borenstein, Derek Connolly (Historia: John Gatins)', 'Un grupo de viajeros, exploradores y soldados de lo más dispar se reúne para viajar a una misteriosa isla del Pacífico que no aparece en los mapas. Entre ellos están el Capitán James Conrad (Tom Hiddleston), el Teniente Coronel Packard (Samuel L. Jackson) ', 0, 1),
(2, 'mult.jpg', 'MÚLTIPLE', 'https://www.youtube.com/embed/vxBR7LeYKiw', 'Título original\r\nSplit\r\nAño\r\n2016\r\nDuración\r\n116 min.\r\nPaís\r\nEstados Unidos Estados Unidos\r\nDirector\r\nM. Night Shyamalan\r\nGuion\r\nM. Night Shyamalan\r\nMúsica\r\nWest Dylan Thordson\r\nProductora\r\nUniversal / Blinding Edge Pictures / Blumhouse Productions', 'Debido a un trauma de la infancia temprana, Kevin (James McAvoy) sufre trastorno de identidad disociativo (DID), más comúnmente conocido como trastorno de personalidad múltiple. Dentro de él conviven 23 identidades diferentes. Entre ellas, están las person', 0, 1),
(3, 'life.jpg', 'LIFE (VIDA)', 'https://www.youtube.com/embed/y9hrcbwmYKI', 'Life\r\nAño\r\n2017\r\nDuración\r\n103 min.\r\nPaís\r\nEstados Unidos Estados Unidos\r\nDirector\r\nDaniel Espinosa\r\nGuion\r\nRhett Reese, Paul Wernick\r\nMúsica\r\nJon Ekstrand\r\nFotografía\r\nSeamus McGarvey', 'Roy Adams (Ryan Reynolds), David Jordan (Jake Gyllenhaal) y la tripulación de la Estación Espacial Internacional viajan a Marte con el objetivo de comprobar si las muestras recogidas en el planeta rojo presentan indicios de vida inteligente. Cuando uno de ', 0, 0),
(4, 'logan.jpg', 'LOGAN', 'https://www.youtube.com/embed/3OUSBjG3peI', 'Título original\r\nLoganaka \r\nAño\r\n2017\r\nDuración\r\n135 min.\r\nPaís\r\nEstados Unidos Estados Unidos\r\nDirector\r\nJames Mangold\r\nGuion\r\nScott Frank, James Mangold, Michael Green (Historia: James Mangold)\r\nMúsica\r\nMarco Beltrami\r\nFotografía\r\nJohn Mathieson', 'Es el año 2029. Los mutantes prácticamente han desparecido. Un cansado y abatido Logan (Hugh Jackman) vive retirado en la ciudad mexicana de El Paso. Es una sombra de lo que era. Se gana la vida conduciendo limusinas y se emborracha más de la cuenta. Su co', 0, 0),
(5, 'zonahostil.jpg', 'Zona Hostil', 'https://www.youtube.com/embed/HIaVe_j84Hs', 'Título original\r\nZona hostil\r\nAño\r\n2017\r\nDuración\r\n93 min.\r\nPaís\r\nEspaña España\r\nDirector\r\nAdolfo Martínez\r\nGuion\r\nLuis Arranz, Andrés M. Koppel\r\nMúsica\r\nRoque Baños\r\nFotografía\r\nAlfredo Mayo', 'A un convoy americano escoltado por la Legión española le estalla una mina al norte de Afganistán, y el inexperto Teniente Conte (Raúl Mérida) queda al mando de una dotación para proteger a los heridos hasta que los evacuen. La capitán Varela (Ariadna Gil)', 0, 0),
(6, 'byb.jpg', 'Bella y Bestia', 'https://www.youtube.com/embed/XpMjfUJ1lUc', 'Título original\r\nBeauty and the Beastaka \r\nAño\r\n2017\r\nDuración\r\n123 min.\r\nPaís\r\nEstados Unidos Estados Unidos\r\nDirector\r\nBill Condon\r\nGuion\r\nStephen Chbosky, Evan Spiliotopoulos (Novela: Jeanne-Marie Leprince de Beaumont)\r\nMúsica\r\nAlan Menken\r\nFotografía\r\n', 'Adaptación en imagen real del clásico de Disney \"La bella y la bestia\", que cuenta la historia de Bella (Emma Watson), una joven brillante y enérgica, que sueña con aventuras y un mundo que se extiende más allá de los confines de su pueblo en Francia. Inde', 0, 0),
(7, 'ff.jpg', 'Fast and Furious 8', 'https://www.youtube.com/embed/BLKaI3D9P2E', 'Título original\r\nThe Fate of the Furiousaka \r\nAño\r\n2017\r\nDuración\r\n136 min.\r\nPaís\r\nEstados Unidos Estados Unidos\r\nDirector\r\nF. Gary Gray\r\nGuion\r\nChris Morgan, Gary Scott Thompson\r\nMúsica\r\nBrian Tyler\r\nFotografía\r\nStephen F. Windon', 'Con Dom y Letty de luna de miel, Brian y Mia fuera del juego y el resto de la pandilla exonerada de todo cargo, el equipo está instalado en una vida aparentemente normal. Pero cuando una misteriosa mujer (Theron) seduce a Dom (Diesel) para regresar nuevame', 0, 0),
(8, 'eptb.jpg', 'Es por tu bien', 'https://www.youtube.com/embed/IvbBc2hFN4Q', 'Título original\r\nEs por tu bien\r\nAño\r\n2017\r\nDuración\r\n93 min.\r\nPaís\r\nEspaña España\r\nDirector\r\nCarlos Therón\r\nGuion\r\nManuel Burque, Josep Gatell\r\nMúsica\r\nJavier Rodero\r\nFotografía\r\nMiguel P. Gilaberte', 'La peor pesadilla que un padre puede tener con una hija es que ésta crezca y llegue el día en que le presente a su novio, y que éste sea un tipo despreciable que busca una sola cosa de su preciada y amada niñita. Y ese día es precisamente el que les llega ', 0, 0),
(9, 'cb.jpg', 'La cura del bienestar', 'https://www.youtube.com/embed/YiUPcwzb7tA', 'Título original\r\nA Cure for Wellness\r\nAño\r\n2017\r\nDuración\r\n156 min.\r\nPaís\r\nEstados Unidos Estados Unidos\r\nDirector\r\nGore Verbinski\r\nGuion\r\nJustin Haythe, Gore Verbinski\r\nMúsica\r\nBenjamin Wallfisch\r\nFotografía\r\nBojan Bazelli', 'Un joven y ambicioso ejecutivo de empresa (Dane DeHaan) es enviado para traer de vuelta al CEO de su compañía, que se encuentra en un idílico pero misterioso \"centro de bienestar\", situado en un lugar remoto de los Alpes suizos. El joven pronto sospecha qu', 0, 0),
(10, 'gi.jpg', 'El guardian invisible', 'https://www.youtube.com/embed/ONnr5_un0Qg', 'Título original\r\nEl guardián invisible\r\nAño\r\n2017\r\nDuración\r\n129 min.\r\nPaís\r\nEspaña España\r\nDirector\r\nFernando González Molina\r\nGuion\r\nLuiso Berdejo (Novela: Dolores Redondo)\r\nMúsica\r\nFernando Velázquez\r\nFotografía\r\nFlavio Martínez Labiano', 'En los márgenes del río Baztán, en tierras de Navarra, aparece el cuerpo desnudo de una adolescente en circunstancias que relacionan ese crimen con un asesinato ocurrido un mes atrás. La inspectora Amaia Salazar dirige la investigación, la cual le llevará ', 0, 0),
(11, 'muralla.jpg', 'La gran muralla', 'https://www.youtube.com/embed/Vv1bF_djMAY', 'Título original\r\nThe Great Wallaka \r\nAño\r\n2016\r\nDuración\r\n92 min.\r\nPaís\r\nChina China\r\nDirector\r\nZhang Yimou\r\nGuion\r\nTony Gilroy, Carlo Bernard, Doug Miro (Historia: Max Brooks, Edward Zwick, Marshall Herskovitz)\r\nMúsica\r\nRamin Djawadi\r\nFotografía\r\nStuart D', 'China, siglo XV. Un mercenario inglés (Matt Damon) y otro español (Pedro Pascal) son testigos del misterio que rodea a la construcción de la Gran Muralla China; ambos descubrirán que no se construyó para mantener alejados a los mongoles, sino para algo más', 0, 0),
(12, 'cantabrico.jpg', 'Cantabrico', 'https://www.youtube.com/embed/7I5urHr43o0', 'Título original\r\nCantábrico (Los dominios del oso pardo)\r\nAño\r\n2017\r\nDuración\r\n101 min.\r\nPaís\r\nEspaña España\r\nDirector\r\nJoaquín Gutiérrez Acha\r\nGuion\r\nJoaquín Gutiérrez Acha\r\nMúsica\r\nPablo Martín Caminero\r\nFotografía\r\nJoaquín Gutiérrez Acha', 'Km. como si se tratara de una gran muralla paralela a la costa del Mar Cantábrico. En su otra cara, la cordillera Cantábrica está repleta de cañones y bosques. Gracias a la influencia del mar y las elevadas precipitaciones, se ha originado una amplia veget', 0, 0),
(13, 'bat.jpg', 'Lego Batman', 'https://www.youtube.com/embed/nY42RllYdIU', 'Título original\r\nThe LEGO Batman Movie\r\nAño\r\n2017\r\nDuración\r\n104 min.\r\nPaís\r\nEstados Unidos Estados Unidos\r\nDirector\r\nChris McKay\r\nGuion\r\nSeth Grahame-Smith, Chris McKenna, Erik Sommers, Jared Stern, John Whittington\r\nMúsica\r\nLorne Balfe\r\nFotografía\r\nAnima', 'Spin-off de \"La LEGO Película\", protagonizado por Batman. En esta ocasión, el irreverente Batman, que también tiene algo de artista frustrado, intentará salvar la ciudad de Gotham de un peligroso villano, el Joker. Pero no podrá hacerlo solo, y tendrá que ', 0, 0),
(14, 'power.jpg', 'Power Rangers ', 'https://www.youtube.com/embed/5kIe6UZHSXw', 'Power Rangers\r\nAño\r\n2017\r\nDuración\r\n123 min.\r\nPaís\r\nEstados Unidos Estados Unidos\r\nDirector\r\nDean Israelite\r\nGuion\r\nJohn Gatins\r\nMúsica\r\nBrian Tyler\r\nFotografía\r\nMatthew J. Lloyd', 'La película sigue a cinco jóvenes predestinados a convertirse en algo extraordinario cuando descubren que tanto su modesto poblado, Angel Grove, como el resto del mundo, están al borde de la aniquilación por una amenaza alienígena. Nuestros héroes descubre', 0, 0),
(15, 'babyb.jpg', 'EL BEBÉ JEFAZO', 'https://www.youtube.com/embed/_qLryRS71BY', 'ítulo original\r\nThe Boss Baby\r\nAño\r\n2017\r\nDuración\r\n97 min.\r\nPaís\r\nEstados Unidos Estados Unidos\r\nDirector\r\nTom McGrath\r\nGuion\r\nMichael McCullers (Libro: Marla Frazee)\r\nMúsica\r\nSteve Mazzaro, Hans Zimmer\r\nFotografía\r\nAnimation', 'Tim es un niño de 7 años que tiene los mejores padres del mundo. Su vida es perfecta hasta que un fatídico día todo cambia de forma radical. ¿El motivo? Ya no serán solo tres en la familia, porque ha llegado su nuevo hermanito, un adorable bebé, que hace q', 0, 0),
(16, 'memp.jpg', 'Mañana empieza todo', 'https://www.youtube.com/embed/0I3Jr-b0G_Y', 'Título original\r\nDemain tout commence\r\nAño\r\n2016\r\nDuración\r\n115 min.\r\nPaís\r\nFrancia Francia\r\nDirector\r\nHugo Gélin\r\nGuion\r\nHugo Gélin, Mathieu Oullion, Jean-André Yerles (Historia: Guillermo Ríos, Leticia López Margalli, Eugenio Derbez)\r\nMúsica\r\nRob Simonse', 'Samuel vive la vida sin responsabilidades en la playa en el sur de Francia. Hasta que un día, una de sus antiguos amores le deja en los brazos a un bebé de pocos meses, Gloria: su hija. Incapaz de cuidar de un bebé y decidido a devolverle la niña a su madr', 0, 0),
(17, 'rey.jpg', 'De la nada surge un rey', 'https://www.youtube.com/embed/t0lBYhhSqYE', 'Título original\r\nKing Arthur: Legend of the Swordaka \r\nAño\r\n2017\r\nDuración\r\n120 min.\r\nPaís\r\nEstados Unidos Estados Unidos\r\nDirector\r\nGuy Ritchie\r\nGuion\r\nJoby Harold, Guy Ritchie, Lionel Wigram (Historia: David Dobkin, Joby Harold)\r\nMúsica\r\nDaniel Pemberton', 'Arturo es un joven intrépido que dirige a su pandilla por los callejones de Londonium. Tras sacar la espada de Excalibur, se verá obligado a tomar algunas duras decisiones. Junto a una misteriosa mujer llamada Guinevere, deberá aprender a manejar la espada', 1, 0),
(18, 'gits.jpg', 'Ghost in the shell', 'https://www.youtube.com/embed/8nfFMf6Hg9A', 'Título original\r\nGhost in the Shellaka \r\nAño\r\n2017\r\nDuración\r\n107 min.\r\nPaís\r\nEstados Unidos Estados Unidos\r\nDirector\r\nRupert Sanders\r\nGuion\r\nWilliam Wheeler (Manga: Masamune Shirow)\r\nMúsica\r\nClint Mansell, Lorne Balfe\r\nFotografía\r\nJess Hall', 'En un japón futurista la joven Motoko Kusanagi (Scarlett Johansson), también conocida como \'the Major\' Mira Killian, es la líder de grupo operativo de élite, Sección 9, cuyo objetivo es luchar contra el ciberterrorismo y los crímenes tecnológicos. Al mando', 1, 0),
(19, 'GGvol2.jpg', 'Guardianes de la galaxia v2', 'https://www.youtube.com/embed/12gvJgLE4us', 'Título original\r\nGuardians of the Galaxy Vol. 2aka \r\nAño\r\n2017\r\nDuración\r\n137 min.\r\nPaís\r\nEstados Unidos Estados Unidos\r\nDirector\r\nJames Gunn\r\nGuion\r\nJames Gunn (Cómic: Dan Abnett, Andy Lanning)\r\nMúsica\r\nTyler Bates\r\nFotografía\r\nHenry Braham', 'Continúan las aventuras del equipo en su travesía por los confines del cosmos. Los Guardianes deberán luchar para mantener unida a su nueva familia mientras intentan resolver el misterio de los verdaderos orígenes de Peter Quill. Viejos rivales se converti', 1, 0),
(20, 'ww.jpg', 'Wonder woman', 'https://www.youtube.com/embed/VSB4wGIdDwo', 'Título original\r\nWonder Womanaka \r\nAño\r\n2017\r\nDuración\r\n141 min.\r\nPaís\r\nEstados Unidos Estados Unidos\r\nDirector\r\nPatty Jenkins\r\nGuion\r\nAllan Heinberg (Historia: Zack Snyder, Allan Heinberg, Jason Fuchs; Personajes: William M. Marston)\r\nMúsica\r\nRupert Gregs', 'Antes de ser Wonder Woman (Gal Gadot) era Diana, princesa de las Amazonas entrenada para ser una guerrera invencible. Diana ha sido criada en una isla paradisíaca protegida. Hasta que un día un piloto americano (Chris Pine) que tiene un accidente y acaba e', 1, 0),
(21, 'jl.jpg', 'United', 'https://www.youtube.com/embed/OiAmnKUaNmc', 'Título original\r\nJustice League\r\nAño\r\n2017\r\nPaís\r\nEstados Unidos Estados Unidos\r\nDirector\r\nZack Snyder,  Joss Whedon\r\nGuion\r\nChris Terrio, David S. Goyer (Creador: Gardner Fox)\r\nMúsica\r\nJunkie XL\r\nFotografía\r\nFabian Wagner\r\n', 'Motivado por la fe que había recuperado en la humanidad e inspirado por la acción altruista de Superman, Bruce Wayne recluta la ayuda de su nueva aliada, Diana Prince, para enfrentarse a un enemigo aún mayor. Juntos, Batman y Wonder Woman se mueven rápidam', 1, 0),
(22, 'swviii.jpg', 'Star Wars episode VIII', 'https://www.youtube.com/embed/vvjOTLQ1nSQ', 'Título original\r\nStar Wars: The Last Jediaka \r\nAño\r\n2017\r\nPaís\r\nEstados Unidos Estados Unidos\r\nDirector\r\nRian Johnson\r\nGuion\r\nRian Johnson (Personajes: George Lucas)\r\nMúsica\r\nJohn Williams\r\nFotografía\r\nSteve Yedlin', 'Octavo episodio de la saga. Continuará la historia de Luke Skywalker, Rey y Finn en su lucha contra la Primera Orden. (FILMAFFINITY)', 1, 0);

-- --------------------------------------------------------

--
-- Estructura de tabla para la tabla `promocion`
--

CREATE TABLE `promocion` (
  `id` int(11) NOT NULL,
  `valor` decimal(10,0) NOT NULL,
  `porcentaje` decimal(10,0) NOT NULL,
  `nombre` varchar(200) COLLATE utf8mb4_spanish_ci NOT NULL,
  `descripcion` text COLLATE utf8mb4_spanish_ci NOT NULL,
  `nombreFoto` varchar(200) COLLATE utf8mb4_spanish_ci NOT NULL,
  `activo` tinyint(1) NOT NULL
) ENGINE=InnoDB DEFAULT CHARSET=utf8mb4 COLLATE=utf8mb4_spanish_ci;

--
-- Volcado de datos para la tabla `promocion`
--

INSERT INTO `promocion` (`id`, `valor`, `porcentaje`, `nombre`, `descripcion`, `nombreFoto`, `activo`) VALUES
(1, '0', '10', 'Promo1', 'Una mañana, tras un sueño intranquilo, Gregorio Samsa se despertó convertido en un monstruoso insecto. Estaba echado de espaldas sobre un duro caparazón y, al alzar la cabeza, vio su vientre convexo y oscuro, surcado por curvadas callosidades, sobre el que casi no se aguantaba la colcha, que estaba a punto de escurrirse hasta el suelo. Numerosas patas, penosamente delgadas en comparación con el grosor normal de sus piernas, se agitaban sin concierto. - ¿Qué me ha ocurrido? No estaba soñando. Su habitación, una habitación normal, aunque muy pequeña, tenía el aspecto habitual. Sobre la mesa había desparramado un muestrario de paños - Samsa era viajante de comercio-, y de la pared colgaba una estampa recientemente recortada de una revista ilustrada y puesta en un marco dorado. La estampa mostraba a una mujer tocada con un gorro de pieles, envuelta en una estola también de pieles, y que, muy erguida, esgrimía un amplio manguito, asimismo de piel, que ocultaba todo su antebrazo. Gregorio miró hacia la ventana; estaba nublado, y sobre el cinc del alféizar repiqueteaban las gotas de lluvia, lo que le hizo sentir una gran melancolía. «Bueno -pensó-; ¿y si siguiese durmiendo un rato y me olvidase de\n\n', 'promo1.jpg', 0),
(2, '0', '20', 'Promo2', 'Quiere la boca exhausta vid, kiwi, piña y fugaz jamón. Fabio me exige, sin tapujos, que añada cerveza al whisky. Jovencillo emponzoñado de whisky, ¡qué figurota exhibes! La cigüeña tocaba cada vez mejor el saxofón y el búho pedía kiwi y queso. El jefe buscó el éxtasis en un imprevisto baño de whisky y gozó como un duque. Exhíbanse politiquillos zafios, con orejas kilométricas y uñas de gavilán. El cadáver de Wamba, rey godo de España, fue exhumado y trasladado en una caja de zinc que pesó un kilo. El pingüino Wenceslao hizo kilómetros bajo exhaustiva lluvia y frío, añoraba a su querido cachorro. El veloz murciélago hindú comía feliz cardillo y kiwi. La cigüeña tocaba el saxofón detrás del palenque de paja.Quiere la boca exhausta vid, kiwi, piña y fugaz jamón. Fabio me exige, sin tapujos, que añada cerveza al whisky. Jovencillo emponzoñado de whisky, ¡qué figurota exhibes! La cigüeña tocaba cada vez mejor el saxofón y el búho pedía kiwi y queso. El jefe buscó el éxtasis en un imprevisto baño de whisky y gozó como un duque. Exhíbanse politiquillos zafios, con orejas kilométricas y uñas de gavilán. El cadáver de Wamba, rey godo de España, fue\n\n', 'promo2.jpg', 0),
(3, '0', '30', 'Promo3', 'Y, viéndole don Quijote de aquella manera, con muestras de tanta tristeza, le dijo: Sábete, Sancho, que no es un hombre más que otro si no hace más que otro. Todas estas borrascas que nos suceden son señales de que presto ha de serenar el tiempo y han de sucedernos bien las cosas; porque no es posible que el mal ni el bien sean durables, y de aquí se sigue que, habiendo durado mucho el mal, el bien está ya cerca. Así que, no debes congojarte por las desgracias que a mí me suceden, pues a ti no te cabe parte dellas.Y, viéndole don Quijote de aquella manera, con muestras de tanta tristeza, le dijo: Sábete, Sancho, que no es un hombre más que otro si no hace más que otro. Todas estas borrascas que nos suceden son señales de que presto ha de serenar el tiempo y han de sucedernos bien las cosas; porque no es posible que el mal ni el bien sean durables, y de aquí se sigue que, habiendo durado mucho el mal, el bien está ya cerca. Así que, no debes congojarte por las desgracias que a mí me suceden, pues a ti no\n\n', 'promo3.jpg', 0),
(4, '0', '40', 'Promo4', 'Reina en mi espíritu una alegría admirable, muy parecida a las dulces alboradas de la primavera, de que gozo aquí con delicia. Estoy solo, y me felicito de vivir en este país, el más a propósito para almas como la mía, soy tan dichoso, mi querido amigo, me sojuzga de tal modo la idea de reposar, que no me ocupo de mi arte. Ahora no sabría dibujar, ni siquiera hacer una línea con el lápiz; y, sin embargo, jamás he sido mejor pintor Cuando el valle se vela en torno mío con un encaje de vapores; cuando el sol de mediodía centellea sobre la impenetrable sombra de mi bosque sin conseguir otra cosa que filtrar entre las hojas algunos rayos que penetran hasta el fondo del santuario, cuando recostado sobre la crecida hierba, cerca de la cascada, mi vista, más próxima a la tierra, descubre multitud de menudas y diversas plantas; cuando siento más cerca de mi corazón los rumores de vida de ese pequeño mundo que palpita en los tallos de las hojas, y veo las formas innumerables e infinitas de los gusanillos y de los insectos; cuando siento, en fin, la presencia del Todopoderoso, que nos ha creado\n\n', 'promo4.jpg', 0),
(5, '0', '50', 'Promo5', 'Li Europan lingues es membres del sam familie. Lor separat existentie es un myth. Por scientie, musica, sport etc, litot Europa usa li sam vocabular. Li lingues differe solmen in li grammatica, li pronunciation e li plu commun vocabules. Omnicos directe al desirabilite de un nov lingua franca: On refusa continuar payar custosi traductores. At solmen va esser necessi far uniform grammatica, pronunciation e plu sommun paroles. Ma quande lingues coalesce, li grammatica del resultant lingue es plu simplic e regulari quam ti del coalescent lingues. Li nov lingua franca va esser plu simplic e regulari quam li existent Europan lingues. It va esser tam simplic quam Occidental in fact, it va esser Occidental. A un Angleso it va semblar un simplificat Angles, quam un skeptic Cambridge amico dit me que Occidental es.Li Europan lingues es membres del sam familie. Lor separat existentie es un myth. Por scientie, musica, sport etc, litot Europa usa li sam vocabular. Li lingues differe solmen in li grammatica, li pronunciation e li plu commun vocabules. Omnicos directe al desirabilite de un nov lingua franca: On refusa continuar payar custosi traductores. At solmen va esser necessi far uniform grammatica, pronunciation e plu sommun paroles.\n\n', 'promo5.jpg', 0);

-- --------------------------------------------------------

--
-- Estructura de tabla para la tabla `roles`
--

CREATE TABLE `roles` (
  `id` int(11) NOT NULL,
  `nombre` varchar(15) COLLATE utf8mb4_spanish_ci NOT NULL
) ENGINE=InnoDB DEFAULT CHARSET=utf8mb4 COLLATE=utf8mb4_spanish_ci;

--
-- Volcado de datos para la tabla `roles`
--

INSERT INTO `roles` (`id`, `nombre`) VALUES
(1, 'user'),
(2, 'admin');

-- --------------------------------------------------------

--
-- Estructura de tabla para la tabla `rolesusuario`
--

CREATE TABLE `rolesusuario` (
  `usuario` int(11) NOT NULL,
  `rol` int(11) NOT NULL
) ENGINE=InnoDB DEFAULT CHARSET=utf8mb4 COLLATE=utf8mb4_spanish_ci;

--
-- Volcado de datos para la tabla `rolesusuario`
--

INSERT INTO `rolesusuario` (`usuario`, `rol`) VALUES
(1, 1),
(2, 2),
(7, 1);

-- --------------------------------------------------------

--
-- Estructura de tabla para la tabla `sala`
--

CREATE TABLE `sala` (
  `id` int(11) NOT NULL,
  `idCine` int(11) NOT NULL,
  `numSala` int(11) NOT NULL
) ENGINE=InnoDB DEFAULT CHARSET=utf8mb4 COLLATE=utf8mb4_spanish_ci;

--
-- Volcado de datos para la tabla `sala`
--

INSERT INTO `sala` (`id`, `idCine`, `numSala`) VALUES
(1, 1, 1),
(2, 1, 2),
(3, 1, 3),
(4, 1, 4),
(5, 1, 5),
(6, 2, 1),
(7, 2, 2),
(8, 2, 3),
(9, 2, 4),
(10, 2, 5),
(11, 3, 1),
(12, 3, 2),
(13, 3, 3),
(14, 3, 4),
(15, 3, 5),
(16, 4, 1),
(17, 4, 2),
(18, 4, 3),
(19, 4, 4),
(20, 4, 5),
(21, 5, 1),
(22, 5, 2),
(23, 5, 3),
(24, 5, 4),
(25, 5, 5);

-- --------------------------------------------------------

--
-- Estructura de tabla para la tabla `usuarios`
--

CREATE TABLE `usuarios` (
  `id` int(11) NOT NULL,
  `username` varchar(30) COLLATE utf8mb4_spanish_ci NOT NULL,
  `password` varchar(70) COLLATE utf8mb4_spanish_ci NOT NULL,
  `nombre` varchar(60) COLLATE utf8mb4_spanish_ci NOT NULL,
  `apellidos` varchar(60) COLLATE utf8mb4_spanish_ci NOT NULL,
  `tlf` int(32) NOT NULL,
  `correoAlternativo` varchar(60) COLLATE utf8mb4_spanish_ci NOT NULL,
  `foto` varchar(60) CHARACTER SET utf8mb4 COLLATE utf8mb4_spanish2_ci NOT NULL DEFAULT 'static.jpg',
  `activo` tinyint(1) NOT NULL DEFAULT '1'
) ENGINE=InnoDB DEFAULT CHARSET=utf8mb4 COLLATE=utf8mb4_spanish_ci;

--
-- Volcado de datos para la tabla `usuarios`
--

INSERT INTO `usuarios` (`id`, `username`, `password`, `nombre`, `apellidos`, `tlf`, `correoAlternativo`, `foto`, `activo`) VALUES
(1, 'user@example.org', '$2y$10$0eR.KhfTH5ybn/jlB86hwe/1nQeCKXk2RcLEjBscJbpUaF504kSOi', 'Andrés', 'Ortiz', 638456342, 'user2@example.org', 'static.jpg', 1),
(2, 'admin@example.org', '$2y$10$0eR.KhfTH5ybn/jlB86hwe/1nQeCKXk2RcLEjBscJbpUaF504kSOi', 'Paco', 'Perez Córdoba', 693847543, 'admin2@example.org', 'static.jpg', 1),
(7, 'manu@example.org', '$2y$10$11okZYT50Pm2xG1BERxL8.RC5t.pBTraDetpqgWZOt6XgBwFTidA.', 'Manu', 'Carrión', 684823234, 'manu2@example.org', 'static.jpg', 1);

--
-- Índices para tablas volcadas
--

--
-- Indices de la tabla `butaca`
--
ALTER TABLE `butaca`
  ADD PRIMARY KEY (`id`),
  ADD KEY `fk_id_sala` (`idSala`);

--
-- Indices de la tabla `butacas_en_sesion`
--
ALTER TABLE `butacas_en_sesion`
  ADD PRIMARY KEY (`id`),
  ADD KEY `butacas_en_sesion_ibfk_1` (`id_butaca`),
  ADD KEY `butacas_en_sesion_ibfk_2` (`id_sesion`);

--
-- Indices de la tabla `cine`
--
ALTER TABLE `cine`
  ADD PRIMARY KEY (`id`);

--
-- Indices de la tabla `compra`
--
ALTER TABLE `compra`
  ADD PRIMARY KEY (`id`),
  ADD KEY `id_usuario` (`id_usuario`),
  ADD KEY `id_butaca` (`id_butaca`),
  ADD KEY `id_funcion` (`id_funcion`);

--
-- Indices de la tabla `funcion`
--
ALTER TABLE `funcion`
  ADD PRIMARY KEY (`id`),
  ADD KEY `fk_id_pelicula` (`id_pelicula`),
  ADD KEY `id_sala` (`id_sala`);

--
-- Indices de la tabla `pelicula`
--
ALTER TABLE `pelicula`
  ADD PRIMARY KEY (`id`);

--
-- Indices de la tabla `promocion`
--
ALTER TABLE `promocion`
  ADD PRIMARY KEY (`id`);

--
-- Indices de la tabla `roles`
--
ALTER TABLE `roles`
  ADD PRIMARY KEY (`id`);

--
-- Indices de la tabla `rolesusuario`
--
ALTER TABLE `rolesusuario`
  ADD PRIMARY KEY (`usuario`,`rol`),
  ADD KEY `rol` (`rol`);

--
-- Indices de la tabla `sala`
--
ALTER TABLE `sala`
  ADD PRIMARY KEY (`id`),
  ADD KEY `fk_id_cine` (`idCine`);

--
-- Indices de la tabla `usuarios`
--
ALTER TABLE `usuarios`
  ADD PRIMARY KEY (`id`);

--
-- AUTO_INCREMENT de las tablas volcadas
--

--
-- AUTO_INCREMENT de la tabla `butaca`
--
ALTER TABLE `butaca`
  MODIFY `id` int(11) NOT NULL AUTO_INCREMENT, AUTO_INCREMENT=1201;
--
-- AUTO_INCREMENT de la tabla `butacas_en_sesion`
--
ALTER TABLE `butacas_en_sesion`
  MODIFY `id` int(11) NOT NULL AUTO_INCREMENT, AUTO_INCREMENT=1153;
--
-- AUTO_INCREMENT de la tabla `cine`
--
ALTER TABLE `cine`
  MODIFY `id` int(11) NOT NULL AUTO_INCREMENT, AUTO_INCREMENT=6;
--
-- AUTO_INCREMENT de la tabla `compra`
--
ALTER TABLE `compra`
  MODIFY `id` int(11) NOT NULL AUTO_INCREMENT;
--
-- AUTO_INCREMENT de la tabla `funcion`
--
ALTER TABLE `funcion`
  MODIFY `id` int(11) NOT NULL AUTO_INCREMENT, AUTO_INCREMENT=1679;
--
-- AUTO_INCREMENT de la tabla `pelicula`
--
ALTER TABLE `pelicula`
  MODIFY `id` int(11) NOT NULL AUTO_INCREMENT, AUTO_INCREMENT=23;
--
-- AUTO_INCREMENT de la tabla `promocion`
--
ALTER TABLE `promocion`
  MODIFY `id` int(11) NOT NULL AUTO_INCREMENT, AUTO_INCREMENT=6;
--
-- AUTO_INCREMENT de la tabla `roles`
--
ALTER TABLE `roles`
  MODIFY `id` int(11) NOT NULL AUTO_INCREMENT, AUTO_INCREMENT=3;
--
-- AUTO_INCREMENT de la tabla `sala`
--
ALTER TABLE `sala`
  MODIFY `id` int(11) NOT NULL AUTO_INCREMENT, AUTO_INCREMENT=26;
--
-- AUTO_INCREMENT de la tabla `usuarios`
--
ALTER TABLE `usuarios`
  MODIFY `id` int(11) NOT NULL AUTO_INCREMENT, AUTO_INCREMENT=8;
--
-- Restricciones para tablas volcadas
--

--
-- Filtros para la tabla `butaca`
--
ALTER TABLE `butaca`
  ADD CONSTRAINT `fk_id_sala` FOREIGN KEY (`idSala`) REFERENCES `sala` (`id`) ON DELETE CASCADE ON UPDATE CASCADE;

--
-- Filtros para la tabla `butacas_en_sesion`
--
ALTER TABLE `butacas_en_sesion`
  ADD CONSTRAINT `butacas_en_sesion_ibfk_1` FOREIGN KEY (`id_butaca`) REFERENCES `butaca` (`id`) ON DELETE CASCADE ON UPDATE CASCADE,
  ADD CONSTRAINT `butacas_en_sesion_ibfk_2` FOREIGN KEY (`id_sesion`) REFERENCES `funcion` (`id`) ON DELETE CASCADE ON UPDATE CASCADE;

--
-- Filtros para la tabla `compra`
--
ALTER TABLE `compra`
  ADD CONSTRAINT `compra_ibfk_1` FOREIGN KEY (`id_usuario`) REFERENCES `usuarios` (`id`),
  ADD CONSTRAINT `compra_ibfk_2` FOREIGN KEY (`id_butaca`) REFERENCES `butaca` (`id`),
  ADD CONSTRAINT `compra_ibfk_3` FOREIGN KEY (`id_funcion`) REFERENCES `funcion` (`id`);

--
-- Filtros para la tabla `funcion`
--
ALTER TABLE `funcion`
  ADD CONSTRAINT `fk_id_pelicula` FOREIGN KEY (`id_pelicula`) REFERENCES `pelicula` (`id`) ON DELETE CASCADE ON UPDATE CASCADE,
  ADD CONSTRAINT `funcion_ibfk_1` FOREIGN KEY (`id_sala`) REFERENCES `sala` (`id`);

--
-- Filtros para la tabla `sala`
--
ALTER TABLE `sala`
  ADD CONSTRAINT `fk_id_cine` FOREIGN KEY (`idCine`) REFERENCES `cine` (`id`) ON DELETE CASCADE ON UPDATE CASCADE;

/*!40101 SET CHARACTER_SET_CLIENT=@OLD_CHARACTER_SET_CLIENT */;
/*!40101 SET CHARACTER_SET_RESULTS=@OLD_CHARACTER_SET_RESULTS */;
/*!40101 SET COLLATION_CONNECTION=@OLD_COLLATION_CONNECTION */;
